Feature,Importance
MAR00164F,0.08269746503939401
MAR07725,0.039202572439963564
MAR00060F,0.03825602061885155
MAR00219F,0.03480150383999673
MAR04345B,0.03265964869152963
MAR11124F,0.02636102759485758
MAR04971B,0.02536068201950152
MAR05502F,0.021937620241760408
MAR09889F,0.017031014709867127
MAR04422,0.016634167492819006
MAR01386F,0.01562511445956894
MAR11288B,0.015167600219647128
MAR04983,0.014348819784415622
MAR11062F,0.012480182050656314
MAR05892,0.012275133711055401
MAR04042,0.010948827190909397
MAR11144F,0.01046439271648905
MAR08796,0.009388398657137172
MAR06070B,0.008993366249923971
MAR01910,0.008877129916542404
MAR03048B,0.008561370607891979
MAR06475F,0.008310175674775737
MAR05446,0.008051306542807094
MAR01859F,0.007753766865241315
MAR11291B,0.007658789901107819
MAR04645F,0.007155560952619265
MAR05554B,0.0068642990884685735
MAR09526F,0.006430648789444253
MAR08995,0.006365816508303417
MAR03777,0.006194448116258923
MAR05506B,0.006051505351454679
MAR08491B,0.006026914811815809
MAR05080F,0.0058158878553485
MAR06017F,0.00573756980188175
MAR04582B,0.005451531693517496
MAR09896B,0.005155307946117309
MAR06787,0.004986097770398502
MAR03848F,0.00490775552500251
MAR05943,0.004810689465168965
MAR08868F,0.004802653279281561
MAR06069B,0.004589292641398982
MAR05681,0.004584652508307399
MAR04864B,0.0040292070667249085
MAR05484F,0.0037307851660297953
MAR08748,0.0037193065617791214
MAR04951B,0.003430109325709659
MAR05033F,0.0033581144270540173
MAR11780F,0.0033228080730139716
MAR10361F,0.003273618469458379
MAR11073F,0.003250536102368417
MAR02023,0.0032008511915726724
MAR05855,0.0031543455045866787
MAR05631,0.0030882798170303004
MAR05581F,0.003065843412312518
MAR05466F,0.00297875509601014
MAR11090F,0.0028997573892605016
MAR02335,0.0028955713403638135
MAR04249F,0.0028410408735790194
MAR01920,0.0027749379539478017
MAR04467,0.002742632104822605
MAR11039B,0.0027425484993423223
MAR11058F,0.002740878068555693
MAR09979F,0.0025504319814170172
MAR04647F,0.0024801649045135404
MAR08088B,0.0024348980955588616
MAR00123F,0.002339208961120362
MAR11173F,0.002282163405416252
MAR08890F,0.0021109315126050412
MAR04218,0.002027300001213248
MAR00318,0.001968627463803466
MAR11061B,0.0019078286729199338
MAR00021,0.0018202569728609128
MAR11777,0.0017851465439537458
MAR01887B,0.0017207301695982035
MAR05046F,0.0016854952075443846
MAR11201B,0.001651043598466494
MAR11445,0.0016235762224994378
MAR11133B,0.0016233416239737487
MAR06360,0.0016233310643360946
MAR06020B,0.0015043888882233483
MAR11433F,0.0015020839029347814
MAR08115,0.0014999779238548834
MAR08860,0.0014631795432417762
MAR09822B,0.0014598243788914909
MAR09947,0.0014574703835762278
MAR04583F,0.0014357298161200875
MAR07302,0.0014255599364665485
MAR10355F,0.001384615384615384
MAR11141F,0.0013788968811782442
MAR09872,0.001363749559179046
MAR08107,0.0013571152243948943
MAR02629F,0.0013428897325274526
MAR03733,0.001314406508101318
MAR11138F,0.0013136401379676146
MAR11845F,0.0012986763156773795
MAR05503B,0.0012808860054338226
MAR11360B,0.0012740850913070193
MAR04652F,0.0012662772213702029
MAR00679,0.0012590273186692514
MAR12050,0.0012559924108299114
MAR09613,0.0012518657614714235
MAR09789,0.0012432963558269554
MAR06892,0.0012273317055808003
MAR11101B,0.001226002854997154
MAR00031,0.0012163742690058472
MAR04882F,0.001180921197649212
MAR03802B,0.001176019445991796
MAR08607,0.0011690767940462895
MAR13084F,0.0011660005764481077
MAR09839B,0.0011632274313994073
MAR06023B,0.0011625281344919765
MAR08684F,0.001162190082644628
MAR05891,0.0011478380693079465
MAR05864,0.001145379039340309
MAR05632,0.001138849952013042
MAR06215B,0.0011290279015746965
MAR05027F,0.0011065088757396446
MAR05860,0.0010907494145199058
MAR03033F,0.00108250276854928
MAR04481,0.0010794666666666664
MAR08759,0.0010764829870520928
MAR05705,0.0010725472537710748
MAR05392,0.0010680763836444056
MAR05618,0.001064701064701064
MAR05673,0.0010520487264673308
MAR08867B,0.00105
MAR04969B,0.0010413707386363632
MAR07665F,0.001039304610733182
MAR09737,0.001032330268670026
MAR06388B,0.0010286888123714356
MAR06050B,0.0010277044197518556
MAR05992,0.001023614977103349
MAR05937,0.0010057142857142853
MAR09940B,0.0010050228194119794
MAR11009B,0.0010041049459444706
MAR11176F,0.0009997691730624962
MAR05639,0.0009982409231635236
MAR05278,0.0009972899728997288
MAR05665,0.0009864743407063154
MAR05700,0.0009807692307692304
MAR11064F,0.0009790700183407051
MAR07595,0.0009761193949538796
MAR05723,0.0009717648357364243
MAR05971,0.0009442210176604297
MAR11015F,0.0009398054968287522
MAR05035F,0.0009346114344402599
MAR10033B,0.0009338241896381427
MAR09002B,0.0009313218234300961
MAR09592,0.000930484408842438
MAR05946,0.0009291521486643434
MAR06072F,0.0009243409791167405
MAR04844F,0.0009209286210327898
MAR03744,0.0009185682000437409
MAR05615,0.0009107924377383238
MAR11100F,0.0009100685800115745
MAR08741F,0.0009064144026999943
MAR03724,0.0009045240002484183
MAR02473,0.0009019667188909459
MAR08994F,0.0009016056359212092
MAR05791,0.0008944300905701057
MAR05113,0.0008913147934722478
MAR08917,0.0008839950372208434
MAR01883F,0.0008803247420159434
MAR11082B,0.0008773395721925129
MAR08491F,0.0008766309155241042
MAR04468B,0.0008766233766233762
MAR05775,0.0008680555555555553
MAR11163B,0.0008651183431952659
MAR02272,0.000862122130171341
MAR04992B,0.0008587293388429749
MAR06293,0.0008575889503915837
MAR06863,0.0008562162162162158
MAR04863F,0.0008525642022136548
MAR11518F,0.0008509400604619643
MAR12079,0.0008503903941269789
MAR01888F,0.0008496350268499271
MAR11146B,0.0008459282652831038
MAR11032B,0.00084536738672077
MAR12040B,0.0008426318545356315
MAR09588,0.0008422218336539022
MAR09598,0.0008302193109366109
MAR09886F,0.0008267041954276472
MAR05811,0.0008238006440042389
MAR03850B,0.0008215188676958692
MAR09980B,0.0008212136131181276
MAR05645,0.0008193693099353473
MAR08592,0.0008167464096687134
MAR05578B,0.0008150543201650562
MAR09783,0.0008113964292014764
MAR05118,0.0008076437098971467
MAR02801F,0.0008067269918720174
MAR06039F,0.0008062225508339294
MAR09826F,0.0008039527430716998
MAR06091B,0.0008018505708465279
MAR00162B,0.0007954545454545452
MAR01378F,0.000794047619047619
MAR00623,0.0007895025659445098
MAR03889,0.0007876671087790306
MAR05511F,0.0007641065830721
MAR08847,0.000763841778179797
MAR11037F,0.0007558994108045204
MAR08477B,0.0007555073864619998
MAR07736,0.0007540241852631432
MAR09829F,0.0007519901454327683
MAR04410F,0.0007475157530811705
MAR08993B,0.000735826196731776
MAR01352B,0.0007321649201482636
MAR05554F,0.0007307420699736168
MAR09621,0.0007259654427257458
MAR20142B,0.0007253308452521046
MAR12086,0.0007237865795418695
MAR06301,0.0007115489874110562
MAR11048F,0.0007105058156286647
MAR09590,0.0007087486157253595
MAR11139F,0.0007020260678797262
MAR04993B,0.0006952075227471167
MAR00400,0.0006941426938357034
MAR05804,0.0006932147835587536
MAR05893,0.0006891614406108234
MAR00097B,0.0006890033839871896
MAR04516,0.0006871499382638727
MAR03684,0.0006840617813794304
MAR11070F,0.0006807157769728702
MAR06629B,0.0006790055947950684
MAR12084,0.0006756141479477483
MAR00771F,0.0006739409499358151
MAR09967F,0.0006732384363147316
MAR07752,0.000664434583366685
MAR04606,0.0006620209059233447
MAR02414B,0.0006580765709264576
MAR10355B,0.0006539220756517365
MAR08526F,0.0006527867416559092
MAR07726B,0.0006502274141759822
MAR06248,0.0006484877846790891
MAR04646,0.0006435381043889411
MAR10995F,0.0006333289352157274
MAR06042F,0.000632972627003855
MAR06629F,0.0006328112640404998
MAR00093B,0.0006323717266340216
MAR04034,0.0006316215902646083
MAR00717B,0.0006237627850518722
MAR04651F,0.0006221190208901986
MAR06019F,0.0006178015092008295
MAR05550,0.0005917487764012115
MAR02420B,0.0005915883291914351
MAR11024B,0.0005871528939444629
MAR11065B,0.0005868329359985326
MAR03841B,0.0005845491956603064
MAR01842,0.0005839705386402282
MAR01850F,0.0005786976181713023
MAR07951B,0.0005748003444889928
MAR04882B,0.0005703016042780747
MAR01821F,0.0005696122059758421
MAR11122F,0.0005656556275830939
MAR06067F,0.0005651289028182083
MAR06821F,0.0005638918073944062
MAR09779,0.0005532340218401457
MAR11053F,0.0005416666666666665
MAR05634,0.0005414060042637958
MAR06303,0.0005380807931753347
MAR05903,0.0005214502383359814
MAR01908B,0.0005182925054571912
MAR06110F,0.0005165005673453053
MAR11131B,0.0005154892254178631
MAR06957F,0.0005140642356906994
MAR05647,0.0005136465097402595
MAR05581B,0.0005086762899262899
MAR01864,0.0005060871424123333
MAR10985F,0.0005057471264367816
MAR10152F,0.0005021744152178933
MAR04388B,0.0004970669107291495
MAR11021F,0.0004913280064963852
MAR05797,0.0004850740657192268
MAR04147B,0.0004848484848484851
MAR00212,0.00048371484630477436
MAR08977,0.000477621775781355
MAR02290,0.00047762077138151557
MAR05604,0.00047518249552067857
MAR00040,0.00047352638996091425
MAR01867,0.00047027322000854323
MAR05996,0.000469795107539119
MAR03691,0.00046791917759659673
MAR04288,0.00046691769768692875
MAR09576B,0.00046409282896981666
MAR11022F,0.0004617854908085667
MAR06049F,0.00045905238424658783
MAR01917B,0.00045764252989693446
MAR11695,0.0004574410409325018
MAR04662,0.00045367214737326123
MAR06928F,0.00045346913157594406
MAR11094B,0.0004489164855018513
MAR08879,0.0004486086964150109
MAR04470,0.0004482758620689655
MAR04179,0.0004477850631696785
MAR08938,0.0004459984459984462
MAR04999B,0.0004458930899608865
MAR09736F,0.0004439183190292983
MAR05459F,0.0004431818181818181
MAR10166,0.00044273336802624794
MAR08425F,0.0004419272369714846
MAR11066B,0.00044174412901955
MAR01720,0.0004414750791293935
MAR11196F,0.0004414274537498615
MAR05969,0.0004398901669145406
MAR11012F,0.0004314630681818181
MAR04953F,0.0004304497868895046
MAR09792,0.0004302966626922759
MAR05067,0.00042861744641970037
MAR06309,0.0004285409983742685
MAR06602B,0.0004275200595143205
MAR11812F,0.0004275141021321638
MAR05654,0.00042714760322733723
MAR05555F,0.00042608695652173893
MAR05606,0.0004251700680272107
MAR05781,0.00042412628343926765
MAR11264F,0.00042375519678103217
MAR11181B,0.00042295586208991354
MAR08683,0.0004201680672268906
MAR05551B,0.000419277728856712
MAR06307,0.00041564224127722127
MAR05717,0.000415202746848705
MAR05528F,0.00041433718411406023
MAR04691,0.00041398900502518873
MAR08724,0.0004128720372133719
MAR08490F,0.0004127775612266516
MAR11134B,0.0004114285714285713
MAR11444,0.0004094251336898395
MAR05733,0.0004084216416094973
MAR00100F,0.0004065040650406502
MAR05769,0.00040361157617794776
MAR07643B,0.00040323066793246636
MAR05857,0.00040115014954464486
MAR06313,0.0004010176990043215
MAR05907,0.0003970523494362782
MAR10379F,0.0003955412269229597
MAR11303B,0.0003947368421052631
MAR00179F,0.00039410305064954004
MAR11113B,0.0003923725256787898
MAR03567,0.0003917102787206535
MAR05239,0.00038922896235640554
MAR05939,0.00038565476074034515
MAR04677B,0.00038318466991913157
MAR10399F,0.00038315574368705274
MAR04938,0.00038148743177962254
MAR00412,0.0003799753016053955
MAR05066,0.0003795453665337097
MAR08476B,0.00037235737967643615
MAR09614,0.00037196450395876493
MAR04695F,0.0003711563311876791
MAR01917F,0.0003700456126051125
MAR05470B,0.00036990825688073387
MAR04791,0.00036930028052954364
MAR11090B,0.00036885245901639317
MAR05565B,0.00036873156342182863
MAR01466B,0.00036842105263157874
MAR04844B,0.0003681015001769721
MAR11078F,0.00036734693877551094
MAR06782,0.00036702311952034453
MAR05588,0.00036572622779519327
MAR05693,0.0003638013131425441
MAR09830F,0.0003637862942210767
MAR06287,0.0003627128150006603
MAR00686,0.00036143489653926074
MAR05102,0.00036029845242697127
MAR02564B,0.00035959716653850404
MAR05473B,0.00035833811394436315
MAR11055B,0.00035808165889466697
MAR01875F,0.0003578927276197749
MAR04910,0.00035759269886816495
MAR11014B,0.000355153846153846
MAR01626F,0.0003550295857988164
MAR08473,0.0003520085498211728
MAR04176,0.0003512880562060889
MAR04845,0.0003485265073771443
MAR09618B,0.0003481469436274153
MAR01863,0.0003472860083597203
MAR06387F,0.0003468708984859972
MAR09821F,0.0003465884998986042
MAR11276F,0.00034645012445558895
MAR11199F,0.000346153846153846
MAR11220F,0.00034527684297269544
MAR11100B,0.0003421052631578947
MAR00225,0.0003415991902834008
MAR00102B,0.00034095605455296865
MAR03734,0.0003403583670132678
MAR04429,0.00034006227420569295
MAR08478B,0.0003393939393939393
MAR10384F,0.00033720159151193625
MAR00292,0.000336
MAR05501B,0.0003338162851347435
MAR04875F,0.00033232908979806495
MAR05418F,0.00033191960169647787
MAR01314,0.0003309457799535159
MAR08067B,0.000329142857142857
MAR04046,0.0003289500468183853
MAR08972,0.00032779720279720265
MAR04518,0.00032779720279720265
MAR00787,0.00032718005234880833
MAR10009B,0.00032634032634032634
MAR05605,0.00032586034441895893
MAR04652B,0.00032488628979857043
MAR09194F,0.0003235294117647059
MAR02406B,0.0003234003234003233
MAR05912,0.00032308208113627335
MAR11155F,0.0003214728514356561
MAR10378B,0.00031999999999999986
MAR01670,0.00031973684210526317
MAR08969,0.00031960227272727267
MAR05736,0.00031713505074160804
MAR00220B,0.0003167449941481119
MAR04931,0.00031615925058547993
MAR20097,0.00031604175798434904
MAR06311,0.0003157349896480331
MAR07951F,0.00031400148698219405
MAR04582F,0.000313565377156272
MAR10984F,0.00031340558457376206
MAR11205B,0.00031304347826086954
MAR08630,0.0003124999999999999
MAR08526B,0.0003124285714285714
MAR11218B,0.00031163701459961635
MAR10006F,0.000310523938572719
MAR06087B,0.000310523938572719
MAR09931,0.00031017369727047136
MAR10994F,0.00031017369727047136
MAR05084,0.0003099722857787374
MAR04280F,0.00030857142857142845
MAR11204B,0.0003076923076923076
MAR01354F,0.0003063742935889728
MAR10983B,0.00030635703713575307
MAR11115F,0.00030529172320217096
MAR07952,0.0003052503052503051
MAR01841,0.0003038811050190522
MAR05965,0.00030345471521942095
MAR06087F,0.00030153508771929815
MAR01889F,0.00030126668948990073
MAR08736,0.0003011141222523336
MAR06982,0.00030062989120061066
MAR11067F,0.00029987031050007946
MAR07717,0.0002997104247104248
MAR04316B,0.0002990960652250974
MAR09895,0.0002990960652250974
MAR00015,0.00029856256611474817
MAR04951F,0.0002971585776463824
MAR11943F,0.00029707082347605945
MAR09000F,0.0002966101694915254
MAR06372,0.0002965303926842388
MAR05124F,0.0002950396459524248
MAR06967F,0.0002950174825174824
MAR00097F,0.00029474133549941433
MAR05660,0.00029411764705882356
MAR05465B,0.0002939320248636982
MAR11950B,0.0002939295321582421
MAR09890B,0.0002937062937062936
MAR08885,0.0002935556442948437
MAR05491F,0.00029344158067198117
MAR04603F,0.00029344158067198117
MAR04868F,0.0002927400468384074
MAR09881,0.0002927400468384074
MAR05841,0.0002927353621204751
MAR04651B,0.0002918490723368771
MAR05324,0.0002903600464576073
MAR06215F,0.0002902647337996767
MAR07674,0.0002879999999999999
MAR11200B,0.000287828947368421
MAR01463B,0.0002874421999653244
MAR06359,0.0002870218296047071
MAR03746B,0.0002863141820958197
MAR11782F,0.00028445419669844183
MAR02405B,0.00028358738036157375
MAR08891,0.00028320041608876544
MAR06375,0.00028010332700507295
MAR08943,0.00027970017561874537
MAR11112B,0.00027969230769230735
MAR08919,0.00027954501638712155
MAR07903B,0.00027949466385595884
MAR11021B,0.0002791563275434242
MAR02124B,0.00027795149746369244
MAR11196B,0.0002776379947595827
MAR04434B,0.00027706148018648
MAR05268,0.0002767098659098141
MAR06024B,0.00027510844416052974
MAR00078B,0.00027502573340195617
MAR09929B,0.0002748035663396164
MAR02596B,0.00027472527472527456
MAR11051F,0.0002741315356379789
MAR11132B,0.0002738788086271824
MAR12097F,0.0002737900046562788
MAR06217F,0.0002736736649425112
MAR02416F,0.0002734267721366723
MAR05732,0.00027113603988604
MAR06016B,0.0002710027100271002
MAR11081F,0.00027094584732155876
MAR06069F,0.0002703847252632221
MAR11213F,0.0002702215816969914
MAR08636F,0.0002692307692307693
MAR02778F,0.0002692307692307692
MAR09878F,0.00026860964850776756
MAR07719F,0.00026820500927643784
MAR05279,0.00026712365763596453
MAR00321,0.0002658461538461537
MAR05269,0.0002653649106744875
MAR05977,0.0002653649106744875
MAR02406F,0.000265151515151515
MAR10400B,0.00026498042758205353
MAR05436,0.0002649687316203411
MAR08112,0.0002632597754548973
MAR01909B,0.0002629531245807507
MAR08065,0.00026262118291286014
MAR11117B,0.0002618181818181818
MAR11003F,0.0002576827638862378
MAR04417,0.00025768276388623776
MAR04580,0.00025751363572422507
MAR11080B,0.0002565743441905279
MAR05919,0.00025641025641025636
MAR10011B,0.00025624157443847713
MAR09594,0.0002557170409147264
MAR05498F,0.00025505463530114974
MAR11052B,0.0002549170669808755
MAR00738,0.0002531137002812374
MAR00376,0.0002529358626919601
MAR10168F,0.00025199999999999995
MAR03809F,0.00025161318928850466
MAR05875,0.00025117822081396446
MAR09610,0.0002509200401472063
MAR05688,0.0002507020076851367
MAR05573B,0.0002504892269669875
MAR11185F,0.0002502241591425651
MAR04871F,0.00025005365787499084
MAR05287,0.00025
MAR05114,0.00024793388429752045
MAR00735,0.00024653981846141555
MAR05721,0.00024561426717202876
MAR06505B,0.0002446317179859495
MAR00444B,0.0002443300165533587
MAR11137B,0.00024396855516400096
MAR03545,0.00024366471734892778
MAR01882F,0.00024278846153846128
MAR06367B,0.00024267278492579522
MAR06424B,0.00024089129780186682
MAR08524F,0.0002408639440826312
MAR05533B,0.00023970170454545444
MAR05702,0.00023862144814652253
MAR11038B,0.000236862674916506
MAR02226B,0.00023683607070583518
MAR05577B,0.00023674242424242417
MAR10998B,0.00023641706532318628
MAR11034F,0.00023634453781512605
MAR03804F,0.0002362039788446635
MAR04994F,0.00023461295777087016
MAR11186F,0.00023310679611650477
MAR20136B,0.00023263027295285352
MAR05015,0.00023255813953488365
MAR10378F,0.00023239372006977007
MAR09402B,0.0002323510049180962
MAR03845F,0.00023076923076923074
MAR11189F,0.00023076923076923068
MAR05495B,0.00023039999999999988
MAR10011F,0.0002299416933563274
MAR07667,0.0002279851809632373
MAR06014B,0.0002279851809632373
MAR05487F,0.00022596153846153865
MAR05002B,0.00022583559168925016
MAR06365,0.00022583012547027108
MAR05527B,0.0002235469448584202
MAR09596,0.00022354694485842016
MAR06305,0.00022321428571428568
MAR04808,0.00022321428571428563
MAR07908,0.00022247229586679141
MAR08742F,0.0002222222222222222
MAR11782B,0.00022191524538809582
MAR05726,0.0002201136482784002
MAR00016,0.00021929014860944628
MAR08438B,0.0002175638726369331
MAR04776,0.00021750894033502682
MAR07658,0.0002174200168652908
MAR11014F,0.00021680216802168014
MAR05940,0.0002163461538461538
MAR06028F,0.0002163351436236341
MAR10069,0.00021626837055621582
MAR05311,0.00021602426914366833
MAR05749,0.00021567956179390613
MAR05471B,0.0002152595072949055
MAR11786,0.00021454968550479442
MAR06357,0.00021369082407948564
MAR04926,0.00021306818181818167
MAR11130F,0.00021229544449358678
MAR05872,0.0002117254562606414
MAR11192B,0.0002109280835676978
MAR05680,0.0002092291154791155
MAR05719,0.00020919970352101586
MAR04872B,0.00020904802744425353
MAR11315,0.0002084636230977694
MAR00248,0.00020838952301953625
MAR08887F,0.00020833333333333327
MAR04450,0.0002067824648469809
MAR10988F,0.0002067824648469809
MAR10168B,0.00020547589839138106
MAR05558F,0.0002051866628669136
MAR06725F,0.000204864894250405
MAR08479B,0.00020216628448335757
MAR05472F,0.00020153346295207736
MAR04344B,0.00020142058013115598
MAR03736,0.00020117002612852044
MAR11167B,0.00020112975008558737
MAR03035B,0.00020074274816822235
MAR08980F,0.00020074274816822235
MAR08930,0.00019841269841269836
MAR08999F,0.0001984126984126983
MAR05770,0.00019752811982507674
MAR04862,0.00019737398554080962
MAR08918F,0.00019709288001970923
MAR10033F,0.00019517484413120078
MAR06086B,0.00019509476031215163
MAR09561,0.00019466906259359056
MAR00717F,0.00019452225334578292
MAR05116,0.00019436345966958212
MAR11096F,0.00019369834710743797
MAR08861F,0.00019125012397673075
MAR08589,0.00019101306150705308
MAR09604,0.0001907264235438802
MAR00095,0.0001899876508026978
MAR11822B,0.00018853423890972197
MAR05418B,0.00018816
MAR07967,0.00018808163265306125
MAR09769,0.00018808163265306125
MAR11211B,0.0001861042183622828
MAR03850F,0.00018577879171515532
MAR05986,0.00018518518518518518
MAR04266B,0.00018495501893939388
MAR08730,0.00018418770918078969
MAR05330,0.00018410330982094404
MAR11958F,0.00018276745109286146
MAR09884B,0.00018255578093306286
MAR01894F,0.0001822815680925148
MAR08447B,0.00018226701798367903
MAR05974,0.00018187457703586728
MAR06356,0.00018155325504366136
MAR09533B,0.00018121413470250676
MAR06366B,0.00018055836734693855
MAR05507B,0.00018037518037518035
MAR00719,0.00017947857533428806
MAR09772,0.00017931318778715647
MAR10394B,0.000178963907571045
MAR09981F,0.00017889475955232446
MAR04648,0.00017829087263174063
MAR05968,0.00017785641777577223
MAR05326,0.00017763157894736832
MAR05536B,0.0001771603476552565
MAR11162F,0.00017689274988581244
MAR05524B,0.00017623032773973323
MAR09186F,0.00017599999999999994
MAR05004B,0.00017586036394813816
MAR05712,0.0001750139261659997
MAR00355,0.00017399283007505154
MAR12103B,0.00017371428571428567
MAR00731,0.00017366958891800482
MAR05664,0.00017360114777618336
MAR05737,0.00017323783293900943
MAR05998B,0.00017307692307692304
MAR11357F,0.0001721659285366476
MAR04237F,0.00017203230025244077
MAR00484F,0.000171866737176097
MAR11002F,0.00017165211837342974
MAR11204F,0.00017142136167207903
MAR04694,0.00017098888572242797
MAR11043F,0.00016989750832114127
MAR05080B,0.000168705395129677
MAR05414F,0.00016728562347351867
MAR10405B,0.00016677089847821544
MAR05741,0.00016668767805618393
MAR04482,0.00016540961141646568
MAR00018B,0.00016466627634660415
MAR11132F,0.00016428858933602758
MAR04010,0.0001639563531463238
MAR09774,0.00016308243727598546
MAR07657,0.00016300366300366298
MAR11191F,0.00016264570344266734
MAR05079,0.00016102128706779875
MAR06073F,0.0001603706343549536
MAR06722B,0.00015980113636363634
MAR06068F,0.00015918515656090858
MAR06027B,0.00015903135447727483
MAR10458,0.0001578358945130104
MAR11806F,0.00015709090909090903
MAR06130B,0.00015615621248499375
MAR08797B,0.0001556397306397307
MAR10034F,0.00015540603464332277
MAR08236F,0.00015529094204870766
MAR05481B,0.0001551724137931034
MAR05720,0.0001550227366680447
MAR11218F,0.00015431745304626658
MAR03707,0.00015277777777777783
MAR05953,0.00015248034697750066
MAR05002F,0.00015241293745186949
MAR04062F,0.00015151515151515146
MAR05663,0.00015139477401129932
MAR08629,0.0001505978735580253
MAR10425,0.0001505570611261668
MAR03690,0.00014962224999846062
MAR09785,0.00014874915483434762
MAR00758,0.000148672321593214
MAR00795,0.0001484359485134381
MAR00399,0.000148296033389201
MAR11063F,0.00014781966001478194
MAR07966F,0.00014672079033599059
MAR11193F,0.00014618644067796607
MAR10001B,0.0001458277072643801
MAR05883,0.00014474772539288657
MAR01636,0.00014458189800743
MAR12265B,0.00014172335600907027
MAR01907B,0.00014172335600907027
MAR03811,0.00014172335600907027
MAR10361B,0.00013979323027983503
MAR11189B,0.00013865332428765308
MAR07770B,0.00013859275053304946
MAR05517B,0.00013849756320438633
MAR00775,0.00013756613756613754
MAR02779B,0.00013677343983472195
MAR04237B,0.00013619854721549636
MAR02779F,0.00013486513486513492
MAR10989F,0.00013454362801377736
MAR03029F,0.00013454362801377734
MAR05844,0.00013154081959462524
MAR04949B,0.00013039698638075918
MAR08445,0.00012962962962962958
MAR11046B,0.00012904890953671438
MAR08476F,0.000128768482021447
MAR05931,0.00012826492537313432
MAR11290F,0.0001252191334835962
MAR11170B,0.00012494739057239036
MAR00793,0.00012320717760788526
MAR11046F,0.00012237115571522793
MAR05755,0.00012042117407407954
MAR05435,0.00011947304984034976
MAR09930F,0.00011637411507183317
MAR07944B,0.00011617550245904807
MAR09998F,0.00011438992042440296
MAR05828,0.00011438127090300974
MAR03561,0.00011430625449317028
MAR00730F,0.00011428571428571457
MAR11169B,0.00011420722135007855
MAR05010B,0.00011363636363636362
MAR01870,0.00011243453716928552
MAR02418F,0.00011166253101736969
MAR08478F,0.00011013986013986015
MAR06382,0.00010972598981986658
MAR05711,0.00010968728576702026
MAR03590,0.00010967714456086564
MAR05898,0.00010961195109272951
MAR11181F,0.00010931174089068826
MAR08755,0.00010897435897435895
MAR05488B,0.0001086641553172993
MAR03577,0.00010555671392827365
MAR11734B,0.000105489639037433
MAR11443F,0.0001054470083487941
MAR06308,0.00010540074951644109
MAR04992F,0.00010535037878787856
MAR11845B,0.0001038205980066445
MAR11186B,0.0001027045532351934
MAR05837,0.0001025933314334568
MAR05487B,0.0001025933314334568
MAR05935,0.00010167750770284166
MAR04642,0.0001016565475899364
MAR04329,0.0001016234526748231
MAR00167F,9.987571022727269e-05
MAR05774,9.920634920634918e-05
MAR04756F,9.854087833963983e-05
MAR06131B,9.829619921363049e-05
MAR08661,9.82704741252683e-05
MAR07729F,9.827044025157207e-05
MAR10363F,9.827044025157207e-05
MAR04415,9.826152683295564e-05
MAR04693F,9.826152683295562e-05
MAR11297F,9.812801932367125e-05
MAR03989,9.803616445177556e-05
MAR07661,9.798526301644268e-05
MAR06000F,9.756932557343369e-05
MAR02569B,9.662592471517008e-05
MAR06306,9.614876520482195e-05
MAR08918B,9.598320933724644e-05
MAR11007B,9.513513513513494e-05
MAR06770,9.511926605504595e-05
MAR05037F,9.509433962264124e-05
MAR06022B,9.507692307692322e-05
MAR01831,9.505882352941163e-05
MAR04326,9.504000000000015e-05
MAR11018F,9.499999999999983e-05
MAR04708,9.498947368421062e-05
MAR09984F,9.492168960607496e-05
MAR09170,9.489302967563836e-05
MAR05029F,9.46969696969697e-05
MAR05868,9.448223733938019e-05
MAR11039F,9.350297482837579e-05
MAR05918,9.334164070612653e-05
MAR04851F,9.270248596631887e-05
MAR05491B,9.215999999999994e-05
MAR08539,9.213983360093403e-05
MAR01843F,9.209280908649054e-05
MAR03033B,9.207261329502426e-05
MAR03903,9.19946988495377e-05
MAR08361B,9.198254470779475e-05
MAR01884B,9.142857142857142e-05
MAR08244B,9.119999999999997e-05
MAR11198B,9.018420160650795e-05
MAR05519F,8.986648408079423e-05
MAR05889,8.947391061212225e-05
MAR05666,8.943983829277228e-05
MAR05512B,8.943089430894323e-05
MAR04601,8.938334997385074e-05
MAR08041F,8.937323415787356e-05
MAR01889B,8.937323415787356e-05
MAR05271,8.934155275618683e-05
MAR11117F,8.934155275618683e-05
MAR12080,8.92588290962274e-05
MAR05483B,8.900636530370052e-05
MAR11022B,8.90063653037005e-05
MAR05077,8.882246785472595e-05
MAR09186B,8.782201405152222e-05
MAR01626B,8.760614645244921e-05
MAR04989F,8.73230954531767e-05
MAR11087B,8.727272727272727e-05
MAR06929B,8.703788892606207e-05
MAR05541B,8.698852420622965e-05
MAR04062B,8.695248915992294e-05
MAR00363,8.694379391100716e-05
MAR04303,8.693492300049658e-05
MAR05630,8.692587105099656e-05
MAR06090B,8.690720140515209e-05
MAR07689,8.688773730629335e-05
MAR05794,8.687769131978556e-05
MAR05614,8.685693697403292e-05
MAR05676,8.684621389539407e-05
MAR02564F,8.672086720867204e-05
MAR12993,8.657031014754596e-05
MAR05476B,8.657031014754596e-05
MAR09619,8.640666116806095e-05
MAR09009F,8.581752484191505e-05
MAR04174,8.534437591925062e-05
MAR05833,8.534437591925062e-05
MAR05695,8.524753839208164e-05
MAR04692F,8.519622454048705e-05
MAR04149,8.503401360544216e-05
MAR11165F,8.496874269198866e-05
MAR05458B,8.468021007205983e-05
MAR04852B,8.461305685233557e-05
MAR11004B,8.458492751162672e-05
MAR08684B,8.458492751162671e-05
MAR09888,8.450032143259535e-05
MAR05890,8.444424428030991e-05
MAR05877,8.430913348946131e-05
MAR05699,8.416276346604217e-05
MAR05045F,8.400366561449954e-05
MAR04513,8.333333333333336e-05
MAR05576F,8.319980278565267e-05
MAR09193F,8.247422680412378e-05
MAR06060B,8.247422680412378e-05
MAR11000F,8.245614035087731e-05
MAR00224,8.244680851063838e-05
MAR00046,8.244680851063838e-05
MAR06073B,8.235294117647051e-05
MAR11086B,8.229166666666659e-05
MAR04969F,8.220619505885967e-05
MAR13075F,8.220619505885967e-05
MAR10397F,8.193217440866346e-05
MAR11135F,8.142327891544193e-05
MAR05519B,8.142327891544193e-05
MAR05468F,8.079107931832527e-05
MAR05521F,8.073830409356732e-05
MAR05834,8.071108622620369e-05
MAR11115B,8.055555555555552e-05
MAR06033F,8.053498467824278e-05
MAR11028F,8.050962320412047e-05
MAR11127F,8.047573868256968e-05
MAR09883F,8.042919401011018e-05
MAR10399B,8.035714285714285e-05
MAR11050B,7.990056818181817e-05
MAR01668,7.990056818181814e-05
MAR11140F,7.900678881974614e-05
MAR09912B,7.881644510148593e-05
MAR00771B,7.869953392387125e-05
MAR09612,7.866252726967607e-05
MAR05830,7.859486057955178e-05
MAR11053B,7.819504973205164e-05
MAR04865,7.806993765248032e-05
MAR04300,7.778707555953657e-05
MAR00796F,7.725670913526695e-05
MAR05628,7.716476690168493e-05
MAR03813B,7.712012477419252e-05
MAR09840B,7.702841492639506e-05
MAR00091,7.702841492639506e-05
MAR09953F,7.69230769230769e-05
MAR03845B,7.689556243611377e-05
MAR01731B,7.688627665390918e-05
MAR11109B,7.685551163812017e-05
MAR00017,7.683965046253193e-05
MAR06091F,7.681712227166788e-05
MAR06734F,7.680697335869734e-05
MAR05499B,7.680084745762709e-05
MAR09942,7.531179081396977e-05
MAR09676B,7.51700274430258e-05
MAR05569B,7.500000000000001e-05
MAR07693B,7.440476190476187e-05
MAR11320B,7.440476190476187e-05
MAR00195,7.382798080472496e-05
MAR06522B,7.342188726993243e-05
MAR05122,7.221869935883875e-05
MAR05391,7.102272727272726e-05
MAR05264,7.085625448457298e-05
MAR11072B,7.05787457148618e-05
MAR11824,6.978908188585607e-05
MAR11171B,6.975446428571417e-05
MAR06130F,6.84697021567956e-05
MAR05787,6.775067750677505e-05
MAR06039B,6.63423264042459e-05
MAR06110B,6.586651053864166e-05
MAR06866,6.586651053864166e-05
MAR09932,6.399999999999998e-05
MAR06289,6.399999999999998e-05
MAR06011F,6.203473945409428e-05
MAR06007F,6.203473945409427e-05
MAR06048F,5.854800936768147e-05
MAR01901F,5.854800936768147e-05
MAR06050F,5.7048681541582136e-05
MAR05464B,5.699629524080934e-05
MAR05822,5.699629524080933e-05
MAR05578F,5.537098560354373e-05
MAR08116,5.5370985603543726e-05
MAR05547F,5.517704935712483e-05
MAR11206F,5.421523448088911e-05
MAR05824,5.13522766175967e-05
MAR04197,5.13522766175967e-05
MAR04986F,4.96894409937888e-05
MAR05917,4.799999999999999e-05
MAR10022F,4.799999999999999e-05
MAR05063,4.799999999999998e-05
MAR08109,4.516711833785004e-05
MAR04249B,4.516711833785004e-05
MAR03807F,4.4752741105392706e-05
MAR09777,4.391100702576112e-05
MAR11044B,4.391100702576112e-05
MAR01396,4.391100702576111e-05
MAR11915,4.391100702576111e-05
MAR07592,4.2747221430607e-05
MAR05336B,4.166666666666667e-05
MAR11203F,4.066142586066683e-05
MAR06603F,3.9724576271186445e-05
MAR11190F,3.587658454915092e-05
MAR11811F,0.0
MAR11093B,0.0
MAR06041B,0.0
MAR04674F,0.0
MAR10984B,0.0
MAR06731,0.0
MAR04596B,0.0
MAR09982B,0.0
MAR04275F,0.0
MAR04109B,0.0
MAR06317,0.0
MAR08862F,0.0
MAR11041B,0.0
MAR04928,0.0
MAR08588B,0.0
MAR11215F,0.0
MAR11002B,0.0
MAR11018B,0.0
MAR05272,0.0
MAR07729B,0.0
MAR02298,0.0
MAR04937B,0.0
MAR05765,0.0
MAR06571,0.0
MAR11174F,0.0
MAR05687,0.0
MAR11155B,0.0
MAR07761B,0.0
MAR09906,0.0
MAR09576F,0.0
MAR10014,0.0
MAR07721,0.0
MAR11086F,0.0
MAR05515B,0.0
MAR01909F,0.0
MAR04872F,0.0
MAR05813,0.0
MAR05887,0.0
MAR06054B,0.0
MAR12040F,0.0
MAR02351,0.0
MAR05082F,0.0
MAR04854F,0.0
MAR09031B,0.0
MAR05626,0.0
MAR02747F,0.0
MAR06780,0.0
MAR11000B,0.0
MAR08416,0.0
MAR10367B,0.0
MAR11968,0.0
MAR06016F,0.0
MAR05570F,0.0
MAR05344F,0.0
MAR05479F,0.0
MAR03861,0.0
MAR01733B,0.0
MAR10999B,0.0
MAR08063,0.0
MAR11029F,0.0
MAR10012F,0.0
MAR00407,0.0
MAR05760,0.0
MAR01588B,0.0
MAR05468B,0.0
MAR05465F,0.0
MAR11140B,0.0
MAR05506F,0.0
MAR05608,0.0
MAR05543F,0.0
MAR08243F,0.0
MAR11134F,0.0
MAR06312,0.0
MAR06304,0.0
MAR05793,0.0
MAR10013B,0.0
MAR06872,0.0
MAR06243B,0.0
MAR09874F,0.0
MAR08241B,0.0
MAR11220B,0.0
MAR03804B,0.0
MAR06361,0.0
MAR09532,0.0
MAR07797B,0.0
MAR06051B,0.0
MAR06967B,0.0
MAR05734,0.0
MAR02592,0.0
MAR00763B,0.0
MAR05629,0.0
MAR11111F,0.0
MAR05259,0.0
MAR12085,0.0
MAR01732F,0.0
MAR03862,0.0
MAR06821B,0.0
MAR05624,0.0
MAR05784,0.0
MAR11396B,0.0
MAR05543B,0.0
MAR01857,0.0
MAR11417B,0.0
MAR08088F,0.0
MAR20079,0.0
MAR05591,0.0
MAR05585F,0.0
MAR09818,0.0
MAR05932,0.0
MAR05089B,0.0
MAR05997,0.0
MAR11169F,0.0
MAR10981B,0.0
MAR00160B,0.0
MAR03949,0.0
MAR03727,0.0
MAR11223B,0.0
MAR08235,0.0
MAR04847F,0.0
MAR11121B,0.0
MAR07643F,0.0
MAR05876,0.0
MAR06109B,0.0
MAR05677,0.0
MAR05426F,0.0
MAR11042F,0.0
MAR11118F,0.0
MAR08989B,0.0
MAR05795,0.0
MAR11114F,0.0
MAR09788,0.0
MAR06036B,0.0
MAR05994,0.0
MAR10064,0.0
MAR11177F,0.0
MAR02424,0.0
MAR00190,0.0
MAR03735,0.0
MAR01650B,0.0
MAR04410B,0.0
MAR05667,0.0
MAR05571F,0.0
MAR10393B,0.0
MAR05553B,0.0
MAR05730,0.0
MAR03912B,0.0
MAR11024F,0.0
MAR09775,0.0
MAR05809,0.0
MAR07679,0.0
MAR11214F,0.0
MAR11099B,0.0
MAR05461F,0.0
MAR01834F,0.0
MAR10998F,0.0
MAR05983,0.0
MAR10986F,0.0
MAR06915B,0.0
MAR04483,0.0
MAR04183,0.0
MAR11059B,0.0
MAR11061F,0.0
MAR11112F,0.0
MAR20133B,0.0
MAR11756F,0.0
MAR07710B,0.0
MAR02216B,0.0
MAR05040,0.0
MAR08651B,0.0
MAR09905B,0.0
MAR04995,0.0
MAR09822F,0.0
MAR08733F,0.0
MAR02414F,0.0
MAR05583F,0.0
MAR11036F,0.0
MAR11250B,0.0
MAR06296,0.0
MAR05847,0.0
MAR05773,0.0
MAR05696,0.0
MAR05505B,0.0
MAR04260,0.0
MAR06474B,0.0
MAR09193B,0.0
MAR09977F,0.0
MAR05622,0.0
MAR04054,0.0
MAR05567F,0.0
MAR09877,0.0
MAR05549F,0.0
MAR05807,0.0
MAR00066B,0.0
MAR07644F,0.0
MAR06019B,0.0
MAR05035B,0.0
MAR03697,0.0
MAR05089F,0.0
MAR11020F,0.0
MAR06294,0.0
MAR06331,0.0
MAR01665,0.0
MAR04408B,0.0
MAR02778B,0.0
MAR05510B,0.0
MAR11001F,0.0
MAR11365F,0.0
MAR05520B,0.0
MAR09797,0.0
MAR04425,0.0
MAR04579B,0.0
MAR06014F,0.0
MAR12101F,0.0
MAR05010F,0.0
MAR09902F,0.0
MAR04468F,0.0
MAR00613,0.0
MAR04986B,0.0
MAR05535B,0.0
MAR05869,0.0
MAR05710,0.0
MAR11413F,0.0
MAR11139B,0.0
MAR05547B,0.0
MAR11105F,0.0
MAR05685,0.0
MAR11734F,0.0
MAR05722,0.0
MAR06023F,0.0
MAR05754,0.0
MAR00083,0.0
MAR05786,0.0
MAR01368B,0.0
MAR05838,0.0
MAR05761,0.0
MAR02749B,0.0
MAR08920,0.0
MAR04416,0.0
MAR03478,0.0
MAR04975,0.0
MAR04855F,0.0
MAR00446F,0.0
MAR11924B,0.0
MAR11129F,0.0
MAR09793,0.0
MAR04959F,0.0
MAR05956,0.0
MAR06380B,0.0
MAR00610,0.0
MAR11780B,0.0
MAR10167B,0.0
MAR04275B,0.0
MAR08211,0.0
MAR04847B,0.0
MAR09943,0.0
MAR06937F,0.0
MAR08907F,0.0
MAR06066B,0.0
MAR05675,0.0
MAR05275,0.0
MAR05509F,0.0
MAR11054F,0.0
MAR00635,0.0
MAR06628,0.0
MAR04980F,0.0
MAR03747,0.0
MAR13004F,0.0
MAR10393F,0.0
MAR04281B,0.0
MAR05562B,0.0
MAR05460F,0.0
MAR05534F,0.0
MAR06135B,0.0
MAR05564B,0.0
MAR20136F,0.0
MAR08081B,0.0
MAR01621B,0.0
MAR06768,0.0
MAR01890F,0.0
MAR05500B,0.0
MAR05463B,0.0
MAR00984F,0.0
MAR07714F,0.0
MAR01846,0.0
MAR06915F,0.0
MAR05541F,0.0
MAR08789B,0.0
MAR00741,0.0
MAR04316F,0.0
MAR11164B,0.0
MAR11128B,0.0
MAR08541,0.0
MAR11172B,0.0
MAR01732B,0.0
MAR02569F,0.0
MAR08980B,0.0
MAR06384,0.0
MAR04777,0.0
MAR04852F,0.0
MAR05861,0.0
MAR09189F,0.0
MAR11924F,0.0
MAR04864F,0.0
MAR09917,0.0
MAR05523F,0.0
MAR04265,0.0
MAR09597,0.0
MAR05964,0.0
MAR09526B,0.0
MAR08733B,0.0
MAR05041,0.0
MAR05586F,0.0
MAR00767,0.0
MAR03012F,0.0
MAR05579F,0.0
MAR05911,0.0
MAR06364,0.0
MAR01868,0.0
MAR08486B,0.0
MAR04701,0.0
MAR05094,0.0
MAR02575F,0.0
MAR05832,0.0
MAR06066F,0.0
MAR11418B,0.0
MAR05886,0.0
MAR05336F,0.0
MAR11042B,0.0
MAR09513,0.0
MAR08886,0.0
MAR05952,0.0
MAR04280B,0.0
MAR05099,0.0
MAR03551,0.0
MAR05985,0.0
MAR01485,0.0
MAR05414B,0.0
MAR11207B,0.0
MAR04388F,0.0
MAR05776,0.0
MAR11059F,0.0
MAR11036B,0.0
MAR11064B,0.0
MAR04597B,0.0
MAR00763F,0.0
MAR03035F,0.0
MAR04313F,0.0
MAR05867,0.0
MAR00079B,0.0
MAR11124B,0.0
MAR08728,0.0
MAR09839F,0.0
MAR01916B,0.0
MAR11177B,0.0
MAR11197F,0.0
MAR06218B,0.0
MAR09609,0.0
MAR11165B,0.0
MAR13075B,0.0
MAR05650,0.0
MAR05874,0.0
MAR05934,0.0
MAR07759F,0.0
MAR09983F,0.0
MAR04302,0.0
MAR06025B,0.0
MAR00360,0.0
MAR08660,0.0
MAR06381,0.0
MAR00004,0.0
MAR06928B,0.0
MAR05690,0.0
MAR08657B,0.0
MAR11099F,0.0
MAR11084B,0.0
MAR11187F,0.0
MAR20072,0.0
MAR09004F,0.0
MAR05048,0.0
MAR05785,0.0
MAR01588F,0.0
MAR11023B,0.0
MAR11193B,0.0
MAR05307,0.0
MAR06021B,0.0
MAR09833B,0.0
MAR02303F,0.0
MAR10397B,0.0
MAR07662,0.0
MAR05951,0.0
MAR05571B,0.0
MAR05637,0.0
MAR05704,0.0
MAR05474F,0.0
MAR05906,0.0
MAR12742F,0.0
MAR09993B,0.0
MAR11060F,0.0
MAR11016B,0.0
MAR05504F,0.0
MAR11016F,0.0
MAR10400F,0.0
MAR02427B,0.0
MAR11151F,0.0
MAR08110,0.0
MAR07983F,0.0
MAR11078B,0.0
MAR09606,0.0
MAR04071F,0.0
MAR01852F,0.0
MAR11127B,0.0
MAR00448,0.0
MAR11963F,0.0
MAR05043,0.0
MAR07154,0.0
MAR05798,0.0
MAR01734F,0.0
MAR12265F,0.0
MAR11070B,0.0
MAR05757,0.0
MAR09871,0.0
MAR00689,0.0
MAR03558,0.0
MAR05058,0.0
MAR10398B,0.0
MAR05816,0.0
MAR05652,0.0
MAR09910,0.0
MAR05635,0.0
MAR09828B,0.0
MAR08515,0.0
MAR05805,0.0
MAR04602,0.0
MAR11114B,0.0
MAR11812B,0.0
MAR07724B,0.0
MAR05827,0.0
MAR04690,0.0
MAR07723B,0.0
MAR05496B,0.0
MAR11135B,0.0
MAR07306,0.0
MAR02425,0.0
MAR12263B,0.0
MAR00646,0.0
MAR11195F,0.0
MAR05508F,0.0
MAR11171F,0.0
MAR09059F,0.0
MAR06076F,0.0
MAR05117,0.0
MAR10394F,0.0
MAR06012B,0.0
MAR11211F,0.0
MAR11297B,0.0
MAR11257F,0.0
MAR03721,0.0
MAR06738B,0.0
MAR09195F,0.0
MAR06134B,0.0
MAR09905F,0.0
MAR05516B,0.0
MAR00798B,0.0
MAR05497B,0.0
MAR11069F,0.0
MAR03007F,0.0
MAR08446,0.0
MAR11810,0.0
MAR09930B,0.0
MAR11143F,0.0
MAR05580B,0.0
MAR05866,0.0
MAR05091,0.0
MAR05342F,0.0
MAR04870,0.0
MAR07950,0.0
MAR09617,0.0
MAR11158F,0.0
MAR05530B,0.0
MAR08103,0.0
MAR05706,0.0
MAR05905,0.0
MAR11415F,0.0
MAR05074F,0.0
MAR03807B,0.0
MAR11077F,0.0
MAR05051,0.0
MAR11007F,0.0
MAR04765B,0.0
MAR05451,0.0
MAR08246,0.0
MAR05582F,0.0
MAR06024F,0.0
MAR08022B,0.0
MAR04406,0.0
MAR06330,0.0
MAR05070F,0.0
MAR06015B,0.0
MAR05902,0.0
MAR10390B,0.0
MAR05933,0.0
MAR05258,0.0
MAR08242,0.0
MAR04600,0.0
MAR01891F,0.0
MAR05638,0.0
MAR06299,0.0
MAR02420F,0.0
MAR20071,0.0
MAR11038F,0.0
MAR00125F,0.0
MAR08475F,0.0
MAR11213B,0.0
MAR09030B,0.0
MAR06321,0.0
MAR03864,0.0
MAR07251,0.0
MAR08586F,0.0
MAR06805B,0.0
MAR08907B,0.0
MAR11017B,0.0
MAR11291F,0.0
MAR08106,0.0
MAR20096,0.0
MAR01887F,0.0
MAR05515F,0.0
MAR06288,0.0
MAR11017F,0.0
MAR04264,0.0
MAR05620,0.0
MAR06626,0.0
MAR11108B,0.0
MAR04219,0.0
MAR08241F,0.0
MAR05056,0.0
MAR10356B,0.0
MAR05488F,0.0
MAR06291,0.0
MAR05921,0.0
MAR11175B,0.0
MAR08741B,0.0
MAR11288F,0.0
MAR11182F,0.0
MAR05856,0.0
MAR05462F,0.0
MAR01442,0.0
MAR07194,0.0
MAR00796B,0.0
MAR06887B,0.0
MAR06733,0.0
MAR04312B,0.0
MAR06475B,0.0
MAR04954F,0.0
MAR05507F,0.0
MAR06286,0.0
MAR05835,0.0
MAR08588F,0.0
MAR05270,0.0
MAR05823,0.0
MAR11080F,0.0
MAR03693,0.0
MAR01837F,0.0
MAR02316,0.0
MAR00431,0.0
MAR05880,0.0
MAR06131F,0.0
MAR11048B,0.0
MAR08942,0.0
MAR09940F,0.0
MAR04345F,0.0
MAR05545B,0.0
MAR04705,0.0
MAR03832,0.0
MAR04647B,0.0
MAR11136B,0.0
MAR03589,0.0
MAR03007B,0.0
MAR05888,0.0
MAR06062B,0.0
MAR03559,0.0
MAR04607,0.0
MAR08941,0.0
MAR07726F,0.0
MAR10991F,0.0
MAR02427F,0.0
MAR11846B,0.0
MAR06362,0.0
MAR11217B,0.0
MAR05045B,0.0
MAR06043F,0.0
MAR04680F,0.0
MAR11152B,0.0
MAR05572B,0.0
MAR05758,0.0
MAR02216F,0.0
MAR10138B,0.0
MAR09624,0.0
MAR05928,0.0
MAR05619,0.0
MAR05529F,0.0
MAR02038,0.0
MAR05078F,0.0
MAR11085F,0.0
MAR05008F,0.0
MAR05941,0.0
MAR04717B,0.0
MAR12264,0.0
MAR05973,0.0
MAR09969B,0.0
MAR05486F,0.0
MAR05564F,0.0
MAR05469B,0.0
MAR05047,0.0
MAR09978B,0.0
MAR06088F,0.0
MAR05551F,0.0
MAR11822F,0.0
MAR06887F,0.0
MAR01840,0.0
MAR11011F,0.0
MAR11004F,0.0
MAR09005F,0.0
MAR06425F,0.0
MAR09403B,0.0
MAR04314B,0.0
MAR11025B,0.0
MAR05525B,0.0
MAR05694,0.0
MAR12867B,0.0
MAR00396,0.0
MAR05840,0.0
MAR05313,0.0
MAR08763F,0.0
MAR05018,0.0
MAR05038,0.0
MAR07179,0.0
MAR06109F,0.0
MAR02432F,0.0
MAR09008B,0.0
MAR04658B,0.0
MAR05845,0.0
MAR04436B,0.0
MAR05698,0.0
MAR09896F,0.0
MAR05668,0.0
MAR05477F,0.0
MAR01875B,0.0
MAR08939,0.0
MAR00281,0.0
MAR11138B,0.0
MAR09951,0.0
MAR09984B,0.0
MAR01885F,0.0
MAR09003B,0.0
MAR11205F,0.0
MAR09824B,0.0
MAR00124B,0.0
MAR11071B,0.0
MAR08658,0.0
MAR06124F,0.0
MAR06061F,0.0
MAR10398F,0.0
MAR05738,0.0
MAR08586B,0.0
MAR06424F,0.0
MAR11126B,0.0
MAR07946,0.0
MAR08117,0.0
MAR09761,0.0
MAR05768,0.0
MAR11025F,0.0
MAR11788B,0.0
MAR11045B,0.0
MAR04985F,0.0
MAR06707,0.0
MAR04472,0.0
MAR08431,0.0
MAR01837B,0.0
MAR02747B,0.0
MAR05308,0.0
MAR08889,0.0
MAR05557F,0.0
MAR09000B,0.0
MAR04432F,0.0
MAR12183,0.0
MAR05065,0.0
MAR05513F,0.0
MAR06302,0.0
MAR00352,0.0
MAR04262,0.0
MAR09832F,0.0
MAR11156B,0.0
MAR02801B,0.0
MAR00681,0.0
MAR11089F,0.0
MAR11182B,0.0
MAR03843,0.0
MAR05674,0.0
MAR05662,0.0
MAR06352,0.0
MAR09274F,0.0
MAR08429,0.0
MAR11168B,0.0
MAR07734,0.0
MAR05257,0.0
MAR09908,0.0
MAR06539,0.0
MAR02432B,0.0
MAR08626,0.0
MAR05052,0.0
MAR05568F,0.0
MAR08993F,0.0
MAR04985B,0.0
MAR05533F,0.0
MAR04078,0.0
MAR11206B,0.0
MAR05779,0.0
MAR00198,0.0
MAR11179B,0.0
MAR11467F,0.0
MAR05322,0.0
MAR05042F,0.0
MAR06959,0.0
MAR09589B,0.0
MAR00278,0.0
MAR11365B,0.0
MAR06290,0.0
MAR05762,0.0
MAR11415B,0.0
MAR05714,0.0
MAR03588,0.0
MAR13085F,0.0
MAR06075B,0.0
MAR05115,0.0
MAR05752,0.0
MAR08099,0.0
MAR05589,0.0
MAR05540B,0.0
MAR11970,0.0
MAR11060B,0.0
MAR11032F,0.0
MAR09886B,0.0
MAR11102B,0.0
MAR09964F,0.0
MAR04436F,0.0
MAR11108F,0.0
MAR05924,0.0
MAR06089F,0.0
MAR05492F,0.0
MAR11116F,0.0
MAR03827F,0.0
MAR06072B,0.0
MAR08495,0.0
MAR08910F,0.0
MAR01865,0.0
MAR04082,0.0
MAR08102,0.0
MAR11411B,0.0
MAR08524B,0.0
MAR05280,0.0
MAR06133B,0.0
MAR05546F,0.0
MAR06075F,0.0
MAR11788F,0.0
MAR08912,0.0
MAR04172,0.0
MAR05546B,0.0
MAR13085B,0.0
MAR07902,0.0
MAR04324,0.0
MAR05848,0.0
MAR09909,0.0
MAR05479B,0.0
MAR04658F,0.0
MAR11414B,0.0
MAR05450,0.0
MAR05542B,0.0
MAR03384,0.0
MAR08770,0.0
MAR06045B,0.0
MAR04668,0.0
MAR05478B,0.0
MAR09977B,0.0
MAR06367F,0.0
MAR06243F,0.0
MAR05046B,0.0
MAR04946,0.0
MAR07797F,0.0
MAR04434F,0.0
MAR04912,0.0
MAR05882,0.0
MAR11129B,0.0
MAR06029B,0.0
MAR06089B,0.0
MAR20142F,0.0
MAR10999F,0.0
MAR05772,0.0
MAR01667,0.0
MAR03816,0.0
MAR11963B,0.0
MAR10991B,0.0
MAR11789F,0.0
MAR01874,0.0
MAR05683,0.0
MAR08514,0.0
MAR05482F,0.0
MAR10167F,0.0
MAR01916F,0.0
MAR09873B,0.0
MAR11184B,0.0
MAR05682,0.0
MAR11981,0.0
MAR08763B,0.0
MAR00794,0.0
MAR05475B,0.0
MAR11214B,0.0
MAR08861B,0.0
MAR04765F,0.0
MAR04222,0.0
MAR05929,0.0
MAR06388F,0.0
MAR05575B,0.0
MAR05480B,0.0
MAR08734B,0.0
MAR11110F,0.0
MAR10408F,0.0
MAR07101,0.0
MAR11360F,0.0
MAR04738F,0.0
MAR04720F,0.0
MAR12097B,0.0
MAR11156F,0.0
MAR06783,0.0
MAR00746,0.0
MAR05839,0.0
MAR04973F,0.0
MAR01886F,0.0
MAR04443B,0.0
MAR03912F,0.0
MAR05512F,0.0
MAR01914,0.0
MAR11433B,0.0
MAR11041F,0.0
MAR04485F,0.0
MAR05454,0.0
MAR07911,0.0
MAR10384B,0.0
MAR04663B,0.0
MAR05708,0.0
MAR05273,0.0
MAR03813F,0.0
MAR05384,0.0
MAR06603B,0.0
MAR08067F,0.0
MAR08994B,0.0
MAR09968B,0.0
MAR01368F,0.0
MAR04575B,0.0
MAR09826B,0.0
MAR09486,0.0
MAR05501F,0.0
MAR05585B,0.0
MAR03996F,0.0
MAR03740,0.0
MAR05854,0.0
MAR04328,0.0
MAR11950F,0.0
MAR05008B,0.0
MAR05494F,0.0
MAR08105,0.0
MAR07753,0.0
MAR06602F,0.0
MAR08651F,0.0
MAR05979,0.0
MAR01879F,0.0
MAR04109F,0.0
MAR04180,0.0
MAR09946,0.0
MAR01530F,0.0
MAR05527F,0.0
MAR11201F,0.0
MAR05955,0.0
MAR03538,0.0
MAR10006B,0.0
MAR05691,0.0
MAR00066F,0.0
MAR06318,0.0
MAR13084B,0.0
MAR09771,0.0
MAR05576B,0.0
MAR11110B,0.0
MAR05686,0.0
MAR05598,0.0
MAR05586B,0.0
MAR06970F,0.0
MAR02422F,0.0
MAR04982B,0.0
MAR01877F,0.0
MAR03484,0.0
MAR11043B,0.0
MAR10021F,0.0
MAR11149B,0.0
MAR04993F,0.0
MAR11105B,0.0
MAR08428,0.0
MAR10364B,0.0
MAR11106B,0.0
MAR07102,0.0
MAR08439,0.0
MAR04973B,0.0
MAR05469F,0.0
MAR08682F,0.0
MAR03970,0.0
MAR00173B,0.0
MAR04867B,0.0
MAR00099F,0.0
MAR05092F,0.0
MAR05942,0.0
MAR09009B,0.0
MAR05457,0.0
MAR05092B,0.0
MAR05074B,0.0
MAR05656,0.0
MAR01650F,0.0
MAR11028B,0.0
MAR10034B,0.0
MAR11087F,0.0
MAR12103F,0.0
MAR05713,0.0
MAR05053,0.0
MAR01835F,0.0
MAR00085,0.0
MAR05305,0.0
MAR11789B,0.0
MAR00730B,0.0
MAR11141B,0.0
MAR02413B,0.0
MAR06300,0.0
MAR11005F,0.0
MAR11107B,0.0
MAR11413B,0.0
MAR01530B,0.0
MAR04198,0.0
MAR05544B,0.0
MAR06929F,0.0
MAR11217F,0.0
MAR11005B,0.0
MAR05003B,0.0
MAR06732B,0.0
MAR08480,0.0
MAR11027B,0.0
MAR09979B,0.0
MAR04982F,0.0
MAR05124B,0.0
MAR11167F,0.0
MAR06124B,0.0
MAR09770,0.0
MAR06123F,0.0
MAR06049B,0.0
MAR09003F,0.0
MAR06218F,0.0
MAR05764,0.0
MAR04514,0.0
MAR01476,0.0
MAR11442F,0.0
MAR05068,0.0
MAR05950,0.0
MAR00219B,0.0
MAR00164B,0.0
MAR05284,0.0
MAR04700F,0.0
MAR01866,0.0
MAR04330B,0.0
MAR11152F,0.0
MAR03789F,0.0
MAR05715,0.0
MAR05490B,0.0
MAR06086F,0.0
MAR05249,0.0
MAR04471,0.0
MAR06060F,0.0
MAR01377,0.0
MAR09678,0.0
MAR05926,0.0
MAR05982,0.0
MAR05771,0.0
MAR05472B,0.0
MAR05460B,0.0
MAR05505F,0.0
MAR05516F,0.0
MAR11225,0.0
MAR06522F,0.0
MAR12102F,0.0
MAR10367F,0.0
MAR06354,0.0
MAR01834B,0.0
MAR01880F,0.0
MAR09530,0.0
MAR07693F,0.0
MAR11081B,0.0
MAR04736,0.0
MAR05820,0.0
MAR05013F,0.0
MAR00060B,0.0
MAR04875B,0.0
MAR07163,0.0
MAR00798F,0.0
MAR09194B,0.0
MAR04957,0.0
MAR05980,0.0
MAR10365B,0.0
MAR04596F,0.0
MAR09802,0.0
MAR05750,0.0
MAR05590,0.0
MAR04692B,0.0
MAR05511B,0.0
MAR05655,0.0
MAR01908F,0.0
MAR01649,0.0
MAR05587,0.0
MAR10065,0.0
MAR05096,0.0
MAR05947,0.0
MAR06368B,0.0
MAR11034B,0.0
MAR09005B,0.0
MAR04663F,0.0
MAR11154F,0.0
MAR00220F,0.0
MAR10981F,0.0
MAR11074B,0.0
MAR05522B,0.0
MAR05862,0.0
MAR07713,0.0
MAR05684,0.0
MAR08798B,0.0
MAR06358,0.0
MAR05004F,0.0
MAR04520,0.0
MAR01890B,0.0
MAR05480F,0.0
MAR05788,0.0
MAR05579B,0.0
MAR04433B,0.0
MAR11215B,0.0
MAR05121,0.0
MAR05452B,0.0
MAR11153B,0.0
MAR02223,0.0
MAR05863,0.0
MAR00733,0.0
MAR10408B,0.0
MAR11082F,0.0
MAR05814,0.0
MAR07724F,0.0
MAR11198F,0.0
MAR03723,0.0
MAR06047B,0.0
MAR10983F,0.0
MAR04432B,0.0
MAR05542F,0.0
MAR06425B,0.0
MAR05945,0.0
MAR11170F,0.0
MAR06108B,0.0
MAR11006F,0.0
MAR05672,0.0
MAR00124F,0.0
MAR09907,0.0
MAR05513B,0.0
MAR01881B,0.0
MAR10385F,0.0
MAR08637,0.0
MAR06053F,0.0
MAR11276B,0.0
MAR05492B,0.0
MAR09616,0.0
MAR11158B,0.0
MAR06057,0.0
MAR04284,0.0
MAR06000B,0.0
MAR03802F,0.0
MAR05467B,0.0
MAR09968F,0.0
MAR00684,0.0
MAR04484,0.0
MAR05659,0.0
MAR07193F,0.0
MAR11159F,0.0
MAR11160B,0.0
MAR05739,0.0
MAR04224,0.0
MAR04848F,0.0
MAR11045F,0.0
MAR06956F,0.0
MAR06043B,0.0
MAR11066F,0.0
MAR05499F,0.0
MAR09057B,0.0
MAR05462B,0.0
MAR11257B,0.0
MAR11144B,0.0
MAR07633,0.0
MAR09057F,0.0
MAR05593,0.0
MAR01566,0.0
MAR04681,0.0
MAR01464B,0.0
MAR09031F,0.0
MAR11224,0.0
MAR11052F,0.0
MAR08494,0.0
MAR05957,0.0
MAR00009,0.0
MAR05544F,0.0
MAR00688F,0.0
MAR00682,0.0
MAR08682B,0.0
MAR05879,0.0
MAR07718F,0.0
MAR07301,0.0
MAR09902B,0.0
MAR00093F,0.0
MAR11175F,0.0
MAR09618F,0.0
MAR05463F,0.0
MAR05599,0.0
MAR08769,0.0
MAR09829B,0.0
MAR08475B,0.0
MAR05129,0.0
MAR08581,0.0
MAR10363B,0.0
MAR05540F,0.0
MAR11222F,0.0
MAR06018B,0.0
MAR11442B,0.0
MAR08791F,0.0
MAR05490F,0.0
MAR01354B,0.0
MAR05731,0.0
MAR06374,0.0
MAR09593,0.0
MAR11065F,0.0
MAR05697,0.0
MAR05782,0.0
MAR05569F,0.0
MAR05563B,0.0
MAR04649,0.0
MAR04788,0.0
MAR05514F,0.0
MAR08490B,0.0
MAR06071B,0.0
MAR12117F,0.0
MAR11212B,0.0
MAR05274,0.0
MAR08764,0.0
MAR02749F,0.0
MAR11033F,0.0
MAR05314,0.0
MAR09589F,0.0
MAR05908,0.0
MAR05286,0.0
MAR08884,0.0
MAR05927,0.0
MAR04633,0.0
MAR09602,0.0
MAR05034F,0.0
MAR05483F,0.0
MAR05535F,0.0
MAR08754,0.0
MAR04246F,0.0
MAR05930,0.0
MAR01913,0.0
MAR02221,0.0
MAR11160F,0.0
MAR00018F,0.0
MAR06095F,0.0
MAR07945,0.0
MAR03704,0.0
MAR11168F,0.0
MAR11303F,0.0
MAR04810,0.0
MAR05076,0.0
MAR06380F,0.0
MAR11075B,0.0
MAR10020,0.0
MAR03908,0.0
MAR06474F,0.0
MAR08486F,0.0
MAR06244,0.0
MAR04849F,0.0
MAR00215,0.0
MAR05502B,0.0
MAR05247,0.0
MAR00251,0.0
MAR06047F,0.0
MAR09819F,0.0
MAR02418B,0.0
MAR01862,0.0
MAR12100F,0.0
MAR08911,0.0
MAR00687,0.0
MAR08634,0.0
MAR11264B,0.0
MAR08945,0.0
MAR05960,0.0
MAR11153F,0.0
MAR11191B,0.0
MAR05333,0.0
MAR08066B,0.0
MAR02596F,0.0
MAR03825,0.0
MAR09591,0.0
MAR05531B,0.0
MAR05493B,0.0
MAR11397F,0.0
MAR01879B,0.0
MAR01907F,0.0
MAR03793F,0.0
MAR04191,0.0
MAR06074F,0.0
MAR08438F,0.0
MAR03581,0.0
MAR05799,0.0
MAR10015B,0.0
MAR04999F,0.0
MAR09641F,0.0
MAR08888B,0.0
MAR05484B,0.0
MAR11418F,0.0
MAR10366F,0.0
MAR01733F,0.0
MAR06530,0.0
MAR04314F,0.0
MAR04574F,0.0
MAR06095B,0.0
MAR04645B,0.0
MAR05617,0.0
MAR05548F,0.0
MAR10992F,0.0
MAR05524F,0.0
MAR04579F,0.0
MAR06722F,0.0
MAR05557B,0.0
MAR02278F,0.0
MAR09599,0.0
MAR05539F,0.0
MAR05320,0.0
MAR05050,0.0
MAR05609,0.0
MAR11179F,0.0
MAR05671,0.0
MAR04152B,0.0
MAR04998,0.0
MAR02629B,0.0
MAR11290B,0.0
MAR05592,0.0
MAR09898,0.0
MAR08587,0.0
MAR05894,0.0
MAR09611,0.0
MAR06062F,0.0
MAR06004F,0.0
MAR10366B,0.0
MAR06027F,0.0
MAR01734B,0.0
MAR09891,0.0
MAR11172F,0.0
MAR00155F,0.0
MAR05485F,0.0
MAR06725B,0.0
MAR06326,0.0
MAR04738B,0.0
MAR05810,0.0
MAR05498B,0.0
MAR04435B,0.0
MAR08791B,0.0
MAR11208B,0.0
MAR07716,0.0
MAR06353,0.0
MAR04848B,0.0
MAR08354,0.0
MAR01835B,0.0
MAR08834,0.0
MAR04212,0.0
MAR06316,0.0
MAR04790F,0.0
MAR10022B,0.0
MAR05970,0.0
MAR06011B,0.0
MAR06366F,0.0
MAR04254,0.0
MAR11054B,0.0
MAR04574B,0.0
MAR05494B,0.0
MAR00450,0.0
MAR11161F,0.0
MAR01463F,0.0
MAR05477B,0.0
MAR11209B,0.0
MAR03778,0.0
MAR05981,0.0
MAR09002F,0.0
MAR11003B,0.0
MAR05922,0.0
MAR11068F,0.0
MAR09620,0.0
MAR07722B,0.0
MAR05556B,0.0
MAR06386,0.0
MAR06987F,0.0
MAR11199B,0.0
MAR09981B,0.0
MAR05459B,0.0
MAR07430,0.0
MAR05803,0.0
MAR00100B,0.0
MAR00045,0.0
MAR02765,0.0
MAR04266F,0.0
MAR10985B,0.0
MAR01915F,0.0
MAR05707,0.0
MAR05539B,0.0
MAR05344B,0.0
MAR03547,0.0
MAR04435F,0.0
MAR11395B,0.0
MAR11396F,0.0
MAR04175,0.0
MAR04905,0.0
MAR11145B,0.0
MAR06135F,0.0
MAR05267,0.0
MAR08989F,0.0
MAR05653,0.0
MAR05473F,0.0
MAR11113F,0.0
MAR11088B,0.0
MAR11011B,0.0
MAR05821,0.0
MAR05482B,0.0
MAR09980F,0.0
MAR08789F,0.0
MAR10362F,0.0
MAR01852B,0.0
MAR09274B,0.0
MAR11629,0.0
MAR05897,0.0
MAR11069B,0.0
MAR06781F,0.0
MAR05061,0.0
MAR05657,0.0
MAR05846,0.0
MAR05549B,0.0
MAR04075,0.0
MAR04709F,0.0
MAR01845,0.0
MAR10001F,0.0
MAR04693B,0.0
MAR05818,0.0
MAR05088,0.0
MAR08041B,0.0
MAR11063B,0.0
MAR00155B,0.0
MAR00690,0.0
MAR11735,0.0
MAR05503F,0.0
MAR11123B,0.0
MAR11187B,0.0
MAR06295,0.0
MAR06012F,0.0
MAR05525F,0.0
MAR05923,0.0
MAR11162B,0.0
MAR00079F,0.0
MAR03544,0.0
MAR03849,0.0
MAR10015F,0.0
MAR05552F,0.0
MAR12751F,0.0
MAR09884F,0.0
MAR05532F,0.0
MAR11010F,0.0
MAR04674B,0.0
MAR05335,0.0
MAR07718B,0.0
MAR11305,0.0
MAR07966B,0.0
MAR09830B,0.0
MAR05390,0.0
MAR04608B,0.0
MAR00440F,0.0
MAR04050B,0.0
MAR09873F,0.0
MAR05627,0.0
MAR04954B,0.0
MAR10009F,0.0
MAR05613,0.0
MAR09601,0.0
MAR11157B,0.0
MAR11119F,0.0
MAR08355B,0.0
MAR04344F,0.0
MAR10993F,0.0
MAR06805F,0.0
MAR08493,0.0
MAR01893F,0.0
MAR04783F,0.0
MAR06958,0.0
MAR09998B,0.0
MAR01791,0.0
MAR05565F,0.0
MAR05537F,0.0
MAR03586,0.0
MAR09198,0.0
MAR07913,0.0
MAR02386,0.0
MAR12751B,0.0
MAR02299,0.0
MAR08361F,0.0
MAR04867F,0.0
MAR08798F,0.0
MAR04597F,0.0
MAR09821B,0.0
MAR01079,0.0
MAR09195B,0.0
MAR01891B,0.0
MAR08792,0.0
MAR08114,0.0
MAR04717F,0.0
MAR05243,0.0
MAR05646,0.0
MAR05895,0.0
MAR10992B,0.0
MAR11194F,0.0
MAR05078B,0.0
MAR07700,0.0
MAR08737F,0.0
MAR06022F,0.0
MAR03793B,0.0
MAR08867F,0.0
MAR08492F,0.0
MAR09869,0.0
MAR06042B,0.0
MAR08913,0.0
MAR04997,0.0
MAR00012,0.0
MAR07676,0.0
MAR08113,0.0
MAR05644,0.0
MAR11149F,0.0
MAR05904,0.0
MAR10379B,0.0
MAR05692,0.0
MAR08624,0.0
MAR06314,0.0
MAR09883B,0.0
MAR05913,0.0
MAR00170B,0.0
MAR05740,0.0
MAR07737,0.0
MAR07678,0.0
MAR08687,0.0
MAR08537,0.0
MAR06046F,0.0
MAR05621,0.0
MAR05612,0.0
MAR05753,0.0
MAR08064,0.0
MAR03910,0.0
MAR05601,0.0
MAR05281,0.0
MAR11075F,0.0
MAR05332,0.0
MAR09402F,0.0
MAR00680,0.0
MAR04056,0.0
MAR04252,0.0
MAR01847,0.0
MAR11015B,0.0
MAR06890B,0.0
MAR05597,0.0
MAR10982B,0.0
MAR05633,0.0
MAR11068B,0.0
MAR05545F,0.0
MAR03848B,0.0
MAR03827B,0.0
MAR05304F,0.0
MAR13078,0.0
MAR06923,0.0
MAR01877B,0.0
MAR02226F,0.0
MAR10140B,0.0
MAR11035B,0.0
MAR04312F,0.0
MAR05870,0.0
MAR04855B,0.0
MAR05504B,0.0
MAR01616B,0.0
MAR08737B,0.0
MAR06041F,0.0
MAR05815,0.0
MAR07663,0.0
MAR08081F,0.0
MAR05489B,0.0
MAR01878,0.0
MAR05559F,0.0
MAR01378B,0.0
MAR00379,0.0
MAR00078F,0.0
MAR05584B,0.0
MAR06956B,0.0
MAR10982F,0.0
MAR01843B,0.0
MAR08659,0.0
MAR10021B,0.0
MAR04971F,0.0
MAR09059B,0.0
MAR05595,0.0
MAR06937B,0.0
MAR07105,0.0
MAR08432,0.0
MAR02416B,0.0
MAR08735,0.0
MAR05518F,0.0
MAR09890F,0.0
MAR05949,0.0
MAR00713,0.0
MAR04071B,0.0
MAR09975B,0.0
MAR11163F,0.0
MAR05729,0.0
MAR05936,0.0
MAR05642,0.0
MAR11137F,0.0
MAR01435,0.0
MAR11164F,0.0
MAR11013B,0.0
MAR07880,0.0
MAR03865,0.0
MAR09982F,0.0
MAR01872,0.0
MAR11166B,0.0
MAR05780,0.0
MAR06067B,0.0
MAR05575F,0.0
MAR11072F,0.0
MAR05532B,0.0
MAR11035F,0.0
MAR05461B,0.0
MAR11180F,0.0
MAR20133F,0.0
MAR06054F,0.0
MAR00718,0.0
MAR11019B,0.0
MAR05042B,0.0
MAR11013F,0.0
MAR06070F,0.0
MAR09030F,0.0
MAR01347F,0.0
MAR09743,0.0
MAR11116B,0.0
MAR06930F,0.0
MAR05260,0.0
MAR08734F,0.0
MAR09880,0.0
MAR00183F,0.0
MAR06521F,0.0
MAR06028B,0.0
MAR07589,0.0
MAR01855,0.0
MAR04861F,0.0
MAR10012B,0.0
MAR10404,0.0
MAR11142B,0.0
MAR07720F,0.0
MAR11846F,0.0
MAR05126,0.0
MAR06038B,0.0
MAR02429F,0.0
MAR07903F,0.0
MAR04994B,0.0
MAR05073,0.0
MAR04077,0.0
MAR11412,0.0
MAR01892B,0.0
MAR05727,0.0
MAR09600,0.0
MAR11123F,0.0
MAR06732F,0.0
MAR05057,0.0
MAR11195B,0.0
MAR05817,0.0
MAR06351,0.0
MAR05915,0.0
MAR05573F,0.0
MAR11051B,0.0
MAR04070,0.0
MAR09983B,0.0
MAR08636B,0.0
MAR06030F,0.0
MAR09189B,0.0
MAR08887B,0.0
MAR05966,0.0
MAR05747,0.0
MAR05596,0.0
MAR13083,0.0
MAR10140F,0.0
MAR11159B,0.0
MAR06030B,0.0
MAR06373,0.0
MAR02429B,0.0
MAR05244,0.0
MAR06562,0.0
MAR07675F,0.0
MAR02124F,0.0
MAR09904,0.0
MAR04849B,0.0
MAR08022F,0.0
MAR11202F,0.0
MAR12117B,0.0
MAR08888F,0.0
MAR07153,0.0
MAR03996B,0.0
MAR09475,0.0
MAR05455,0.0
MAR09505F,0.0
MAR05485B,0.0
MAR00179B,0.0
MAR01466F,0.0
MAR09176F,0.0
MAR00162F,0.0
MAR04764,0.0
MAR03713,0.0
MAR05916,0.0
MAR03595,0.0
MAR09964B,0.0
MAR09878B,0.0
MAR05756,0.0
MAR01880B,0.0
MAR07728,0.0
MAR06074B,0.0
MAR11079B,0.0
MAR11804,0.0
MAR05470F,0.0
MAR09805,0.0
MAR04939,0.0
MAR05796,0.0
MAR00005,0.0
MAR01616F,0.0
MAR05718,0.0
MAR04347,0.0
MAR08628,0.0
MAR09766,0.0
MAR03578,0.0
MAR03899F,0.0
MAR11192F,0.0
MAR06897,0.0
MAR01352F,0.0
MAR00736,0.0
MAR05526B,0.0
MAR00415,0.0
MAR03587,0.0
MAR03263B,0.0
MAR05582B,0.0
MAR04699,0.0
MAR11154B,0.0
MAR20077,0.0
MAR08731F,0.0
MAR11067B,0.0
MAR11207F,0.0
MAR06129,0.0
MAR05426B,0.0
MAR05521B,0.0
MAR00084,0.0
MAR12263F,0.0
MAR08584,0.0
MAR05954,0.0
MAR00432,0.0
MAR11019F,0.0
MAR05938,0.0
MAR12742B,0.0
MAR05029B,0.0
MAR05013B,0.0
MAR06708F,0.0
MAR03732,0.0
MAR09622,0.0
MAR04251,0.0
MAR10138F,0.0
MAR05036,0.0
MAR11020B,0.0
MAR09736B,0.0
MAR11148B,0.0
MAR03575,0.0
MAR04979,0.0
MAR06029F,0.0
MAR03741,0.0
MAR11972,0.0
MAR04575F,0.0
MAR04680B,0.0
MAR11104F,0.0
MAR06020F,0.0
MAR09993F,0.0
MAR00173F,0.0
MAR04792F,0.0
MAR12140,0.0
MAR00582,0.0
MAR09967B,0.0
MAR04313B,0.0
MAR11089B,0.0
MAR00683,0.0
MAR09929F,0.0
MAR07764F,0.0
MAR05049,0.0
MAR09739,0.0
MAR04851B,0.0
MAR09790,0.0
MAR06325,0.0
MAR01839,0.0
MAR05728,0.0
MAR05767,0.0
MAR04246B,0.0
MAR11414F,0.0
MAR05070B,0.0
MAR10134B,0.0
MAR05716,0.0
MAR05553F,0.0
MAR02388,0.0
MAR04323,0.0
MAR04087,0.0
MAR09605,0.0
MAR04253,0.0
MAR04244,0.0
MAR07680,0.0
MAR05496F,0.0
MAR05826,0.0
MAR05411B,0.0
MAR06021F,0.0
MAR06371,0.0
MAR05808,0.0
MAR02224,0.0
MAR05082B,0.0
MAR11358,0.0
MAR08725,0.0
MAR05858,0.0
MAR08424,0.0
MAR11057F,0.0
MAR11037B,0.0
MAR00403,0.0
MAR05859,0.0
MAR04721,0.0
MAR11107F,0.0
MAR07699,0.0
MAR06036F,0.0
MAR05517F,0.0
MAR05972,0.0
MAR06890F,0.0
MAR00167B,0.0
MAR06034F,0.0
MAR05447,0.0
MAR11096B,0.0
MAR05689,0.0
MAR05583B,0.0
MAR05967,0.0
MAR00094,0.0
MAR00411,0.0
MAR11008F,0.0
MAR11119B,0.0
MAR06979,0.0
MAR05112,0.0
MAR01881F,0.0
MAR11183F,0.0
MAR03048F,0.0
MAR08447F,0.0
MAR07722F,0.0
MAR00435,0.0
MAR04953B,0.0
MAR05032B,0.0
MAR00440B,0.0
MAR05616,0.0
MAR09969F,0.0
MAR10464,0.0
MAR01861,0.0
MAR04952,0.0
MAR04720B,0.0
MAR05849,0.0
MAR05563F,0.0
MAR05495F,0.0
MAR05493F,0.0
MAR05871,0.0
MAR05107,0.0
MAR11958B,0.0
MAR06957B,0.0
MAR04786,0.0
MAR11074F,0.0
MAR02405F,0.0
MAR04959B,0.0
MAR04427,0.0
MAR12867F,0.0
MAR04064,0.0
MAR04449,0.0
MAR00334,0.0
MAR05064,0.0
MAR01876B,0.0
MAR11174B,0.0
MAR06038F,0.0
MAR02271,0.0
MAR05800,0.0
MAR06017B,0.0
MAR11023F,0.0
MAR06859,0.0
MAR06108F,0.0
MAR05304B,0.0
MAR09459F,0.0
MAR05724,0.0
MAR01902B,0.0
MAR05475F,0.0
MAR04089,0.0
MAR11040F,0.0
MAR07305,0.0
MAR04152F,0.0
MAR05105,0.0
MAR01854F,0.0
MAR11006B,0.0
MAR04677F,0.0
MAR12100B,0.0
MAR11073B,0.0
MAR11071F,0.0
MAR02476F,0.0
MAR06728,0.0
MAR03540,0.0
MAR09835B,0.0
MAR11731F,0.0
MAR03995B,0.0
MAR07252,0.0
MAR08591,0.0
MAR05742,0.0
MAR06125B,0.0
MAR08890B,0.0
MAR11304F,0.0
MAR05669,0.0
MAR11128F,0.0
MAR00444F,0.0
MAR05508B,0.0
MAR05288,0.0
MAR11027F,0.0
MAR07303,0.0
MAR06123B,0.0
MAR02304,0.0
MAR04949F,0.0
MAR05060,0.0
MAR09626B,0.0
MAR10365F,0.0
MAR05910,0.0
MAR08492B,0.0
MAR08479F,0.0
MAR09505B,0.0
MAR01901B,0.0
MAR03746F,0.0
MAR10008F,0.0
MAR05792,0.0
MAR05318,0.0
MAR05743,0.0
MAR09832B,0.0
MAR04519,0.0
MAR08797F,0.0
MAR09876,0.0
MAR05978,0.0
MAR10008B,0.0
MAR05005,0.0
MAR11784F,0.0
MAR11109F,0.0
MAR05831,0.0
MAR05562F,0.0
MAR06018F,0.0
MAR03010B,0.0
MAR06004B,0.0
MAR05648,0.0
MAR11001B,0.0
MAR11146F,0.0
MAR05878,0.0
MAR05033B,0.0
MAR09533F,0.0
MAR05014,0.0
MAR05777,0.0
MAR00367,0.0
MAR05316,0.0
MAR01654,0.0
MAR11784B,0.0
MAR00295,0.0
MAR08657F,0.0
MAR05342B,0.0
MAR11093F,0.0
MAR06059,0.0
MAR11136F,0.0
MAR09641B,0.0
MAR11161B,0.0
MAR10405F,0.0
MAR00010,0.0
MAR11197B,0.0
MAR00484B,0.0
MAR03686,0.0
MAR02575B,0.0
MAR08233,0.0
MAR11219F,0.0
MAR11118B,0.0
MAR06896,0.0
MAR09529,0.0
MAR09626F,0.0
MAR05763,0.0
MAR05328,0.0
MAR05319,0.0
MAR02220B,0.0
MAR07665B,0.0
MAR11317B,0.0
MAR06738F,0.0
MAR08999B,0.0
MAR10993B,0.0
MAR11806B,0.0
MAR00984B,0.0
MAR04330F,0.0
MAR07644B,0.0
MAR00102F,0.0
MAR08426,0.0
MAR05678,0.0
MAR05520F,0.0
MAR05497F,0.0
MAR07764B,0.0
MAR11010B,0.0
MAR00183B,0.0
MAR11395F,0.0
MAR05993,0.0
MAR02471F,0.0
MAR05920,0.0
MAR05998F,0.0
MAR11077B,0.0
MAR05039,0.0
MAR04667,0.0
MAR08795,0.0
MAR05959,0.0
MAR05975,0.0
MAR08244F,0.0
MAR06090F,0.0
MAR05290,0.0
MAR06134F,0.0
MAR06033B,0.0
MAR05853,0.0
MAR01850B,0.0
MAR04871B,0.0
MAR03995F,0.0
MAR02320,0.0
MAR05610,0.0
MAR06217B,0.0
MAR04932,0.0
MAR05829,0.0
MAR06540,0.0
MAR09835F,0.0
MAR05529B,0.0
MAR04941B,0.0
MAR01884F,0.0
MAR07909,0.0
MAR08236B,0.0
MAR05759,0.0
MAR04989B,0.0
MAR05958,0.0
MAR06292,0.0
MAR00123B,0.0
MAR03792B,0.0
MAR11216F,0.0
MAR07593,0.0
MAR04281F,0.0
MAR04709B,0.0
MAR10988B,0.0
MAR02476B,0.0
MAR08030,0.0
MAR06133F,0.0
MAR09607,0.0
MAR05016,0.0
MAR11183B,0.0
MAR04437,0.0
MAR11397B,0.0
MAR05783,0.0
MAR03792F,0.0
MAR11209F,0.0
MAR09004B,0.0
MAR09603,0.0
MAR05440,0.0
MAR11104B,0.0
MAR04863B,0.0
MAR05548B,0.0
MAR11900B,0.0
MAR06860,0.0
MAR05963,0.0
MAR05594,0.0
MAR05900,0.0
MAR11219B,0.0
MAR05125,0.0
MAR05027B,0.0
MAR09537,0.0
MAR01885B,0.0
MAR05600,0.0
MAR06505F,0.0
MAR00783,0.0
MAR05411F,0.0
MAR06729,0.0
MAR05481F,0.0
MAR05658,0.0
MAR11317F,0.0
MAR11026B,0.0
MAR10989B,0.0
MAR00125B,0.0
MAR11031B,0.0
MAR07760,0.0
MAR06088B,0.0
MAR04413,0.0
MAR00692B,0.0
MAR02278B,0.0
MAR06369,0.0
MAR08862B,0.0
MAR06045F,0.0
MAR04177,0.0
MAR05852,0.0
MAR06726,0.0
MAR11151B,0.0
MAR11076F,0.0
MAR04521,0.0
MAR05574F,0.0
MAR11083F,0.0
MAR00446B,0.0
MAR11216B,0.0
MAR05394,0.0
MAR00797,0.0
MAR05709,0.0
MAR06891,0.0
MAR03029B,0.0
MAR04608F,0.0
MAR01903B,0.0
MAR11079F,0.0
MAR06132B,0.0
MAR02471B,0.0
MAR11044F,0.0
MAR08487,0.0
MAR05843,0.0
MAR11208F,0.0
MAR08910B,0.0
MAR10356F,0.0
MAR11143B,0.0
MAR11145F,0.0
MAR05842,0.0
MAR03892,0.0
MAR05560B,0.0
MAR06071F,0.0
MAR00762,0.0
MAR11131F,0.0
MAR08425B,0.0
MAR01621F,0.0
MAR05766,0.0
MAR05703,0.0
MAR01381,0.0
MAR05530F,0.0
MAR05478F,0.0
MAR05611,0.0
MAR00187,0.0
MAR11223F,0.0
MAR06310,0.0
MAR10063,0.0
MAR04972F,0.0
MAR04196,0.0
MAR06983,0.0
MAR11094F,0.0
MAR05914,0.0
MAR05464F,0.0
MAR05261,0.0
MAR05976,0.0
MAR05536F,0.0
MAR05962,0.0
MAR08108,0.0
MAR06026B,0.0
MAR06068B,0.0
MAR04433F,0.0
MAR05317,0.0
MAR05534B,0.0
MAR03010F,0.0
MAR05285,0.0
MAR01902F,0.0
MAR05523B,0.0
MAR05526F,0.0
MAR06048B,0.0
MAR06052B,0.0
MAR01723,0.0
MAR00160F,0.0
MAR09534,0.0
MAR05881,0.0
MAR07719B,0.0
MAR03789B,0.0
MAR05032F,0.0
MAR04194,0.0
MAR10013F,0.0
MAR03875,0.0
MAR06987B,0.0
MAR11518B,0.0
MAR04259,0.0
MAR01915B,0.0
MAR05873,0.0
MAR05509B,0.0
MAR09833F,0.0
MAR05801,0.0
MAR05995,0.0
MAR05265,0.0
MAR09817,0.0
MAR11194B,0.0
MAR07710F,0.0
MAR02477,0.0
MAR11085B,0.0
MAR05570B,0.0
MAR11055F,0.0
MAR05266,0.0
MAR05458F,0.0
MAR09840F,0.0
MAR07714B,0.0
MAR06025F,0.0
MAR05071,0.0
MAR05850,0.0
MAR05531F,0.0
MAR05538B,0.0
MAR09459B,0.0
MAR04676,0.0
MAR01615,0.0
MAR06053B,0.0
MAR08477F,0.0
MAR01893B,0.0
MAR04972B,0.0
MAR05961,0.0
MAR06051F,0.0
MAR13004B,0.0
MAR07910,0.0
MAR04346,0.0
MAR10996B,0.0
MAR04756B,0.0
MAR01859B,0.0
MAR06132F,0.0
MAR11417F,0.0
MAR04861B,0.0
MAR01886B,0.0
MAR01853,0.0
MAR11320F,0.0
MAR07738,0.0
MAR03911,0.0
MAR00692F,0.0
MAR01731F,0.0
MAR10152B,0.0
MAR00685,0.0
MAR11200F,0.0
MAR12102B,0.0
MAR05452F,0.0
MAR05037B,0.0
MAR09008F,0.0
MAR09556,0.0
MAR03594,0.0
MAR08243B,0.0
MAR00408,0.0
MAR03899B,0.0
MAR05746,0.0
MAR00099B,0.0
MAR04143,0.0
MAR05474B,0.0
MAR03901,0.0
MAR01386B,0.0
MAR11130B,0.0
MAR11443B,0.0
MAR05896,0.0
MAR00170F,0.0
MAR02413F,0.0
MAR11304B,0.0
MAR00287,0.0
MAR04980B,0.0
MAR06323,0.0
MAR05884,0.0
MAR06970B,0.0
MAR10390F,0.0
MAR01346,0.0
MAR01464F,0.0
MAR06531,0.0
MAR05819,0.0
MAR07983B,0.0
MAR05584F,0.0
MAR05467F,0.0
MAR03263F,0.0
MAR06125F,0.0
MAR11083B,0.0
MAR00688B,0.0
MAR03919B,0.0
MAR11101F,0.0
MAR05234,0.0
MAR03012B,0.0
MAR11133F,0.0
MAR05567B,0.0
MAR05558B,0.0
MAR05789,0.0
MAR09819B,0.0
MAR00216,0.0
MAR03883,0.0
MAR11008B,0.0
MAR11943B,0.0
MAR20073,0.0
MAR08016,0.0
MAR07567,0.0
MAR06076B,0.0
MAR11088F,0.0
MAR01882B,0.0
MAR03705,0.0
MAR01730,0.0
MAR04182,0.0
MAR04632,0.0
MAR01903F,0.0
MAR06387B,0.0
MAR05276,0.0
MAR09953B,0.0
MAR05262,0.0
MAR11012B,0.0
MAR03863F,0.0
MAR01830,0.0
MAR05500F,0.0
MAR05031F,0.0
MAR00282,0.0
MAR05062,0.0
MAR11106F,0.0
MAR11411F,0.0
MAR00364,0.0
MAR11180B,0.0
MAR07761F,0.0
MAR11150B,0.0
MAR12101B,0.0
MAR04700B,0.0
MAR11040B,0.0
MAR05555B,0.0
MAR01347B,0.0
MAR00691,0.0
MAR06507,0.0
MAR06276F,0.0
MAR09676F,0.0
MAR09945,0.0
MAR11111B,0.0
MAR05559B,0.0
MAR09828F,0.0
MAR11148F,0.0
MAR05560F,0.0
MAR05538F,0.0
MAR10986B,0.0
MAR00231,0.0
MAR03919F,0.0
MAR04868B,0.0
MAR00636,0.0
MAR04583B,0.0
MAR10364F,0.0
MAR11577,0.0
MAR10994B,0.0
MAR01892F,0.0
MAR05537B,0.0
MAR00253,0.0
MAR04860,0.0
MAR01876F,0.0
MAR02274,0.0
MAR11357B,0.0
MAR06368F,0.0
MAR11173B,0.0
MAR11076B,0.0
MAR11058B,0.0
MAR04424,0.0
MAR06363,0.0
MAR06521B,0.0
MAR10010,0.0
MAR11166F,0.0
MAR06026F,0.0
MAR03863B,0.0
MAR01844,0.0
MAR05518B,0.0
MAR01888B,0.0
MAR05471F,0.0
MAR06276B,0.0
MAR01894B,0.0
MAR10465,0.0
MAR06046B,0.0
MAR11009F,0.0
MAR05277,0.0
MAR11811B,0.0
MAR05031B,0.0
MAR11222B,0.0
MAR11756B,0.0
MAR01883B,0.0
MAR05486B,0.0
MAR05522F,0.0
MAR05574B,0.0
MAR05514B,0.0
MAR04941F,0.0
MAR03829F,0.0
MAR05649,0.0
MAR07193B,0.0
MAR08355F,0.0
MAR11142F,0.0
MAR01722,0.0
MAR04510,0.0
MAR07912,0.0
MAR04963,0.0
MAR05552B,0.0
MAR07189,0.0
MAR05607,0.0
MAR08731B,0.0
MAR11122B,0.0
MAR06061B,0.0
MAR05528B,0.0
MAR11050F,0.0
MAR04050F,0.0
MAR07151,0.0
MAR09824F,0.0
MAR07636,0.0
MAR11150F,0.0
MAR06865,0.0
MAR06392,0.0
MAR04930B,0.0
MAR03809B,0.0
MAR08893,0.0
MAR06327,0.0
MAR10995B,0.0
MAR11102F,0.0
MAR01587,0.0
MAR05744,0.0
MAR04603B,0.0
MAR06315,0.0
MAR05003F,0.0
MAR11212F,0.0
MAR08635,0.0
MAR02273,0.0
MAR05948,0.0
MAR05751,0.0
MAR09889B,0.0
MAR03765,0.0
MAR11026F,0.0
MAR06355,0.0
MAR09403F,0.0
MAR11184F,0.0
MAR09913,0.0
MAR04933,0.0
MAR04799,0.0
MAR05466B,0.0
MAR06781B,0.0
MAR05623,0.0
MAR01724,0.0
MAR11084F,0.0
MAR05802,0.0
MAR05034B,0.0
MAR06052F,0.0
MAR05476F,0.0
MAR05556F,0.0
MAR05909,0.0
MAR08066F,0.0
MAR05641,0.0
MAR11190B,0.0
MAR11126F,0.0
MAR11176B,0.0
MAR10134F,0.0
MAR09975F,0.0
MAR05836,0.0
MAR07811,0.0
MAR11731B,0.0
MAR06930B,0.0
MAR05263,0.0
MAR05640,0.0
MAR00404,0.0
MAR11121F,0.0
MAR10362B,0.0
MAR11062B,0.0
MAR05101,0.0
MAR06377,0.0
MAR09553,0.0
MAR03841F,0.0
MAR08723,0.0
MAR08974,0.0
MAR11202B,0.0
MAR11900F,0.0
MAR06249,0.0
MAR11031F,0.0
MAR11399,0.0
MAR04081,0.0
MAR11203B,0.0
MAR08603,0.0
MAR04790B,0.0
MAR12112,0.0
MAR07723F,0.0
MAR06734B,0.0
MAR04854B,0.0
MAR04937F,0.0
MAR11029B,0.0
MAR11056F,0.0
MAR05636,0.0
MAR03971,0.0
MAR11033B,0.0
MAR05510F,0.0
MAR05825,0.0
MAR10385B,0.0
MAR04930F,0.0
MAR07533,0.0
MAR05291,0.0
MAR07770F,0.0
MAR05283,0.0
MAR05901,0.0
MAR11467B,0.0
MAR05643,0.0
MAR06015F,0.0
MAR07759B,0.0
MAR06007B,0.0
MAR04792B,0.0
MAR11250F,0.0
MAR05790,0.0
MAR05566B,0.0
MAR08868B,0.0
MAR02220F,0.0
MAR09767,0.0
MAR11056B,0.0
MAR04964,0.0
MAR05748,0.0
MAR05580F,0.0
MAR05865,0.0
MAR08944,0.0
MAR11057B,0.0
MAR05577F,0.0
MAR07666,0.0
MAR09978F,0.0
MAR09176B,0.0
MAR05812,0.0
MAR05745,0.0
MAR04783B,0.0
MAR09623,0.0
MAR05885,0.0
MAR00022,0.0
MAR05568B,0.0
MAR07720B,0.0
MAR10996F,0.0
MAR04443F,0.0
MAR07304,0.0
MAR08742B,0.0
MAR05661,0.0
MAR11157F,0.0
MAR09874B,0.0
MAR01854B,0.0
MAR06034B,0.0
MAR12262,0.0
MAR09911,0.0
MAR05059,0.0
MAR01911,0.0
MAR06389,0.0
MAR04723,0.0
MAR13079,0.0
MAR05489F,0.0
MAR05603,0.0
MAR02303B,0.0
MAR05899,0.0
MAR05679,0.0
MAR07944F,0.0
MAR05602,0.0
MAR03829B,0.0
MAR05054,0.0
MAR04147F,0.0
MAR06708B,0.0
MAR07675B,0.0
MAR05851,0.0
MAR04091,0.0
MAR02422B,0.0
MAR05725,0.0
MAR05925,0.0
MAR08627,0.0
MAR04428,0.0
MAR04485B,0.0
MAR09912F,0.0
MAR05572F,0.0
MAR05625,0.0
MAR05670,0.0
MAR05651,0.0
MAR05778,0.0
MAR01821B,0.0
MAR05944,0.0
MAR06871,0.0
MAR06870,0.0
MAR05984,0.0
MAR07508,0.0
MAR04695B,0.0
MAR05701,0.0
MAR03890,0.0
MAR00087,0.0
MAR11185B,0.0
MAR00428,0.0
MAR05087,0.0
MAR04408F,0.0
MAR05282,0.0
MAR04650,0.0
MAR05566F,0.0
MAR09762,0.0
